page,kind,slug,status,old_url,new_url,source_file,optimized_file,source_mb,optimized_mb,note
hotels/abyrlash-otel/index.html,hotels,abyrlash-otel,updated,https://chnyazvybzzryduhgopa.supabase.co/storage/v1/object/public/site-media/videos/hotels/abyrlash-otel/video-01-1800k.mp4,https://chnyazvybzzryduhgopa.supabase.co/storage/v1/object/public/site-media/videos/hotels/abyrlash-otel/video-01-1800k.mp4,media/videos/hotels/abyrlash-otel/video-01-source.mp4,media/videos/hotels/abyrlash-otel/video-01-1800k.mp4,24.16,9.54,source url replaced
hotels/abyrlash-otel-na-plyazhe-3239/index.html,hotels,abyrlash-otel-na-plyazhe-3239,updated,https://chnyazvybzzryduhgopa.supabase.co/storage/v1/object/public/site-media/videos/hotels/abyrlash-otel-na-plyazhe-3239/video-01-1800k.mp4,https://chnyazvybzzryduhgopa.supabase.co/storage/v1/object/public/site-media/videos/hotels/abyrlash-otel-na-plyazhe-3239/video-01-1800k.mp4,media/videos/hotels/abyrlash-otel-na-plyazhe-3239/video-01-source.mp4,media/videos/hotels/abyrlash-otel-na-plyazhe-3239/video-01-1800k.mp4,24.16,9.54,source url replaced
hotels/aisha-otel-s-basseynami-2651/index.html,hotels,aisha-otel-s-basseynami-2651,updated,https://chnyazvybzzryduhgopa.supabase.co/storage/v1/object/public/site-media/videos/hotels/aisha-otel-s-basseynami-2651/video-01-1800k.mp4,https://chnyazvybzzryduhgopa.supabase.co/storage/v1/object/public/site-media/videos/hotels/aisha-otel-s-basseynami-2651/video-01-1800k.mp4,media/videos/hotels/aisha-otel-s-basseynami-2651/video-01-source.mp4,media/videos/hotels/aisha-otel-s-basseynami-2651/video-01-1800k.mp4,24.21,9.34,source url replaced
hotels/akva-otel-basseyn-zavtraki/index.html,hotels,akva-otel-basseyn-zavtraki,updated,https://chnyazvybzzryduhgopa.supabase.co/storage/v1/object/public/site-media/videos/hotels/akva-otel-basseyn-zavtraki/video-01-1800k.mp4,https://chnyazvybzzryduhgopa.supabase.co/storage/v1/object/public/site-media/videos/hotels/akva-otel-basseyn-zavtraki/video-01-1800k.mp4,media/videos/hotels/akva-otel-basseyn-zavtraki/video-01-source.mp4,media/videos/hotels/akva-otel-basseyn-zavtraki/video-01-1800k.mp4,23.73,9.21,source url replaced
hotels/akva-otel-s-basseynom-i-zavtrakami-3114/index.html,hotels,akva-otel-s-basseynom-i-zavtrakami-3114,updated,https://chnyazvybzzryduhgopa.supabase.co/storage/v1/object/public/site-media/videos/hotels/akva-otel-s-basseynom-i-zavtrakami-3114/video-01-1800k.mp4,https://chnyazvybzzryduhgopa.supabase.co/storage/v1/object/public/site-media/videos/hotels/akva-otel-s-basseynom-i-zavtrakami-3114/video-01-1800k.mp4,media/videos/hotels/akva-otel-s-basseynom-i-zavtrakami-3114/video-01-source.mp4,media/videos/hotels/akva-otel-s-basseynom-i-zavtrakami-3114/video-01-1800k.mp4,23.73,9.21,source url replaced
hotels/alma-domiki/index.html,hotels,alma-domiki,updated,https://chnyazvybzzryduhgopa.supabase.co/storage/v1/object/public/site-media/videos/hotels/alma-domiki/video-01-1800k.mp4,https://chnyazvybzzryduhgopa.supabase.co/storage/v1/object/public/site-media/videos/hotels/alma-domiki/video-01-1800k.mp4,media/videos/hotels/alma-domiki/video-01-source.mp4,media/videos/hotels/alma-domiki/video-01-1800k.mp4,32.47,13.33,source url replaced
hotels/alma-domiki-na-beregu-2996/index.html,hotels,alma-domiki-na-beregu-2996,updated,https://chnyazvybzzryduhgopa.supabase.co/storage/v1/object/public/site-media/videos/hotels/alma-domiki-na-beregu-2996/video-01-1800k.mp4,https://chnyazvybzzryduhgopa.supabase.co/storage/v1/object/public/site-media/videos/hotels/alma-domiki-na-beregu-2996/video-01-1800k.mp4,media/videos/hotels/alma-domiki-na-beregu-2996/video-01-source.mp4,media/videos/hotels/alma-domiki-na-beregu-2996/video-01-1800k.mp4,32.47,13.34,source url replaced
hotels/amor-apartamenty/index.html,hotels,amor-apartamenty,updated,https://chnyazvybzzryduhgopa.supabase.co/storage/v1/object/public/site-media/videos/hotels/amor-apartamenty/video-01-1800k.mp4,https://chnyazvybzzryduhgopa.supabase.co/storage/v1/object/public/site-media/videos/hotels/amor-apartamenty/video-01-1800k.mp4,media/videos/hotels/amor-apartamenty/video-01-source.mp4,media/videos/hotels/amor-apartamenty/video-01-1800k.mp4,12.21,4.69,source url replaced
hotels/amor-apartamenty-s-kuhney-i-basseynom-3487/index.html,hotels,amor-apartamenty-s-kuhney-i-basseynom-3487,updated,https://chnyazvybzzryduhgopa.supabase.co/storage/v1/object/public/site-media/videos/hotels/amor-apartamenty-s-kuhney-i-basseynom-3487/video-01-1800k.mp4,https://chnyazvybzzryduhgopa.supabase.co/storage/v1/object/public/site-media/videos/hotels/amor-apartamenty-s-kuhney-i-basseynom-3487/video-01-1800k.mp4,media/videos/hotels/amor-apartamenty-s-kuhney-i-basseynom-3487/video-01-source.mp4,media/videos/hotels/amor-apartamenty-s-kuhney-i-basseynom-3487/video-01-1800k.mp4,12.21,4.69,source url replaced
hotels/amor-domiki-gagra/index.html,hotels,amor-domiki-gagra,updated,https://chnyazvybzzryduhgopa.supabase.co/storage/v1/object/public/site-media/videos/hotels/amor-domiki-gagra/video-01-1800k.mp4,https://chnyazvybzzryduhgopa.supabase.co/storage/v1/object/public/site-media/videos/hotels/amor-domiki-gagra/video-01-1800k.mp4,media/videos/hotels/amor-domiki-gagra/video-01-source.mp4,media/videos/hotels/amor-domiki-gagra/video-01-1800k.mp4,6.32,2.29,source url replaced
hotels/amor-domiki-v-tsentre-gagry-2986/index.html,hotels,amor-domiki-v-tsentre-gagry-2986,updated,https://chnyazvybzzryduhgopa.supabase.co/storage/v1/object/public/site-media/videos/hotels/amor-domiki-v-tsentre-gagry-2986/video-01-1800k.mp4,https://chnyazvybzzryduhgopa.supabase.co/storage/v1/object/public/site-media/videos/hotels/amor-domiki-v-tsentre-gagry-2986/video-01-1800k.mp4,media/videos/hotels/amor-domiki-v-tsentre-gagry-2986/video-01-source.mp4,media/videos/hotels/amor-domiki-v-tsentre-gagry-2986/video-01-1800k.mp4,6.32,2.29,source url replaced
hotels/amzara-otel-s-vinodelney-u-zapovednika-2668/index.html,hotels,amzara-otel-s-vinodelney-u-zapovednika-2668,updated,https://chnyazvybzzryduhgopa.supabase.co/storage/v1/object/public/site-media/videos/hotels/amzara-otel-s-vinodelney-u-zapovednika-2668/video-01-1800k.mp4,https://chnyazvybzzryduhgopa.supabase.co/storage/v1/object/public/site-media/videos/hotels/amzara-otel-s-vinodelney-u-zapovednika-2668/video-01-1800k.mp4,media/videos/hotels/amzara-otel-s-vinodelney-u-zapovednika-2668/video-01-source.mp4,media/videos/hotels/amzara-otel-s-vinodelney-u-zapovednika-2668/video-01-1800k.mp4,19.03,7.42,source url replaced
hotels/antaa-gostinitsa-u-sosnovogo-plyazha-2899/index.html,hotels,antaa-gostinitsa-u-sosnovogo-plyazha-2899,updated,https://chnyazvybzzryduhgopa.supabase.co/storage/v1/object/public/site-media/videos/hotels/antaa-gostinitsa-u-sosnovogo-plyazha-2899/video-01-1800k.mp4,https://chnyazvybzzryduhgopa.supabase.co/storage/v1/object/public/site-media/videos/hotels/antaa-gostinitsa-u-sosnovogo-plyazha-2899/video-01-1800k.mp4,media/videos/hotels/antaa-gostinitsa-u-sosnovogo-plyazha-2899/video-01-source.mp4,media/videos/hotels/antaa-gostinitsa-u-sosnovogo-plyazha-2899/video-01-1800k.mp4,39.6,15.52,source url replaced
hotels/apra-gostevoy-dom-na-plyazhe-4348/index.html,hotels,apra-gostevoy-dom-na-plyazhe-4348,updated,https://chnyazvybzzryduhgopa.supabase.co/storage/v1/object/public/site-media/videos/hotels/apra-gostevoy-dom-na-plyazhe-4348/video-01-1800k.mp4,https://chnyazvybzzryduhgopa.supabase.co/storage/v1/object/public/site-media/videos/hotels/apra-gostevoy-dom-na-plyazhe-4348/video-01-1800k.mp4,media/videos/hotels/apra-gostevoy-dom-na-plyazhe-4348/video-01-source.mp4,media/videos/hotels/apra-gostevoy-dom-na-plyazhe-4348/video-01-1800k.mp4,51.21,8.51,source url replaced
hotels/apsa-park-otel-v-zapovednike-2611/index.html,hotels,apsa-park-otel-v-zapovednike-2611,updated,https://chnyazvybzzryduhgopa.supabase.co/storage/v1/object/public/site-media/videos/hotels/apsa-park-otel-v-zapovednike-2611/video-01-1800k.mp4,https://chnyazvybzzryduhgopa.supabase.co/storage/v1/object/public/site-media/videos/hotels/apsa-park-otel-v-zapovednike-2611/video-01-1800k.mp4,media/videos/hotels/apsa-park-otel-v-zapovednike-2611/video-01-source.mp4,media/videos/hotels/apsa-park-otel-v-zapovednike-2611/video-01-1800k.mp4,19.79,8.17,source url replaced
hotels/arina-mini-otel-2792/index.html,hotels,arina-mini-otel-2792,updated,https://chnyazvybzzryduhgopa.supabase.co/storage/v1/object/public/site-media/videos/hotels/arina-mini-otel-2792/video-01-1800k.mp4,https://chnyazvybzzryduhgopa.supabase.co/storage/v1/object/public/site-media/videos/hotels/arina-mini-otel-2792/video-01-1800k.mp4,media/videos/hotels/arina-mini-otel-2792/video-01-source.mp4,media/videos/hotels/arina-mini-otel-2792/video-01-1800k.mp4,14.23,9.74,source url replaced
hotels/assir-pitsunda-gostevoy-dom-v-tsentre-4173/index.html,hotels,assir-pitsunda-gostevoy-dom-v-tsentre-4173,updated,https://chnyazvybzzryduhgopa.supabase.co/storage/v1/object/public/site-media/videos/hotels/assir-pitsunda-gostevoy-dom-v-tsentre-4173/video-01-1800k.mp4,https://chnyazvybzzryduhgopa.supabase.co/storage/v1/object/public/site-media/videos/hotels/assir-pitsunda-gostevoy-dom-v-tsentre-4173/video-01-1800k.mp4,media/videos/hotels/assir-pitsunda-gostevoy-dom-v-tsentre-4173/video-01-1800k.mp4,media/videos/hotels/assir-pitsunda-gostevoy-dom-v-tsentre-4173/video-01-1800k.mp4,16.45,16.45,source url replaced
hotels/atmosfernaya-kvartira-2k-3902/index.html,hotels,atmosfernaya-kvartira-2k-3902,missing-source,https://chnyazvybzzryduhgopa.supabase.co/storage/v1/object/public/site-media/videos/hotels/atmosfernaya-kvartira-2k-3902/video-01-1800k.mp4,,,,0,0,нет локального исходника
hotels/avrora-inn-novyy-otel-v-tsentre-goroda-2641/index.html,hotels,avrora-inn-novyy-otel-v-tsentre-goroda-2641,updated,https://chnyazvybzzryduhgopa.supabase.co/storage/v1/object/public/site-media/videos/hotels/avrora-inn-novyy-otel-v-tsentre-goroda-2641/video-01-1800k.mp4,https://chnyazvybzzryduhgopa.supabase.co/storage/v1/object/public/site-media/videos/hotels/avrora-inn-novyy-otel-v-tsentre-goroda-2641/video-01-1800k.mp4,media/videos/hotels/avrora-inn-novyy-otel-v-tsentre-goroda-2641/video-01-source.mp4,media/videos/hotels/avrora-inn-novyy-otel-v-tsentre-goroda-2641/video-01-1800k.mp4,20.51,9.72,source url replaced
hotels/bagripsh-domiki-na-beregu-s-pitaniem-4399/index.html,hotels,bagripsh-domiki-na-beregu-s-pitaniem-4399,updated,https://chnyazvybzzryduhgopa.supabase.co/storage/v1/object/public/site-media/videos/hotels/bagripsh-domiki-na-beregu-s-pitaniem-4399/video-01-1800k.mp4,https://chnyazvybzzryduhgopa.supabase.co/storage/v1/object/public/site-media/videos/hotels/bagripsh-domiki-na-beregu-s-pitaniem-4399/video-01-1800k.mp4,media/videos/hotels/bagripsh-domiki-na-beregu-s-pitaniem-4399/video-01-source.mp4,media/videos/hotels/bagripsh-domiki-na-beregu-s-pitaniem-4399/video-01-1800k.mp4,57.17,9.68,source url replaced
hotels/banan-i-funduk-gostevoy-dom-2849/index.html,hotels,banan-i-funduk-gostevoy-dom-2849,updated,https://chnyazvybzzryduhgopa.supabase.co/storage/v1/object/public/site-media/videos/hotels/banan-i-funduk-gostevoy-dom-2849/video-01-1800k.mp4,https://chnyazvybzzryduhgopa.supabase.co/storage/v1/object/public/site-media/videos/hotels/banan-i-funduk-gostevoy-dom-2849/video-01-1800k.mp4,media/videos/hotels/banan-i-funduk-gostevoy-dom-2849/video-01-source.mp4,media/videos/hotels/banan-i-funduk-gostevoy-dom-2849/video-01-1800k.mp4,20.27,7.16,source url replaced
hotels/belaya-rechka/index.html,hotels,belaya-rechka,updated,https://chnyazvybzzryduhgopa.supabase.co/storage/v1/object/public/site-media/videos/hotels/belaya-rechka/video-01-1800k.mp4,https://chnyazvybzzryduhgopa.supabase.co/storage/v1/object/public/site-media/videos/hotels/belaya-rechka/video-01-1800k.mp4,media/videos/hotels/belaya-rechka/video-01-source.mp4,media/videos/hotels/belaya-rechka/video-01-1800k.mp4,13.54,5.07,source url replaced
hotels/belaya-rechka-gostevoy-dom-s-kafe-3517/index.html,hotels,belaya-rechka-gostevoy-dom-s-kafe-3517,updated,https://chnyazvybzzryduhgopa.supabase.co/storage/v1/object/public/site-media/videos/hotels/belaya-rechka-gostevoy-dom-s-kafe-3517/video-01-1800k.mp4,https://chnyazvybzzryduhgopa.supabase.co/storage/v1/object/public/site-media/videos/hotels/belaya-rechka-gostevoy-dom-s-kafe-3517/video-01-1800k.mp4,media/videos/hotels/belaya-rechka-gostevoy-dom-s-kafe-3517/video-01-source.mp4,media/videos/hotels/belaya-rechka-gostevoy-dom-s-kafe-3517/video-01-1800k.mp4,13.54,5.07,source url replaced
hotels/belyy-dom-domiki-i-apartamenty-4081/index.html,hotels,belyy-dom-domiki-i-apartamenty-4081,updated,https://chnyazvybzzryduhgopa.supabase.co/storage/v1/object/public/site-media/videos/hotels/belyy-dom-domiki-i-apartamenty-4081/video-01-1800k.mp4,https://chnyazvybzzryduhgopa.supabase.co/storage/v1/object/public/site-media/videos/hotels/belyy-dom-domiki-i-apartamenty-4081/video-01-1800k.mp4,media/videos/hotels/belyy-dom-domiki-i-apartamenty-4081/video-01-1800k.mp4,media/videos/hotels/belyy-dom-domiki-i-apartamenty-4081/video-01-1800k.mp4,24.73,24.73,source url replaced
hotels/bereg-svyatoy-sofii-otel-4279/index.html,hotels,bereg-svyatoy-sofii-otel-4279,updated,https://chnyazvybzzryduhgopa.supabase.co/storage/v1/object/public/site-media/videos/hotels/bereg-svyatoy-sofii-otel-4279/video-01-1800k.mp4,https://chnyazvybzzryduhgopa.supabase.co/storage/v1/object/public/site-media/videos/hotels/bereg-svyatoy-sofii-otel-4279/video-01-1800k.mp4,media/videos/hotels/bereg-svyatoy-sofii-otel-4279/video-01-source.mp4,media/videos/hotels/bereg-svyatoy-sofii-otel-4279/video-01-1800k.mp4,79.02,13.53,source url replaced
hotels/boho-kompleks-polnogo-schastya-u-morya-3054/index.html,hotels,boho-kompleks-polnogo-schastya-u-morya-3054,updated,https://chnyazvybzzryduhgopa.supabase.co/storage/v1/object/public/site-media/videos/hotels/boho-kompleks-polnogo-schastya-u-morya-3054/video-01-1800k.mp4,https://chnyazvybzzryduhgopa.supabase.co/storage/v1/object/public/site-media/videos/hotels/boho-kompleks-polnogo-schastya-u-morya-3054/video-01-1800k.mp4,media/videos/hotels/boho-kompleks-polnogo-schastya-u-morya-3054/video-01-source.mp4,media/videos/hotels/boho-kompleks-polnogo-schastya-u-morya-3054/video-01-1800k.mp4,0.84,0.84,source url replaced
hotels/boho-kottedzhi-u-morya/index.html,hotels,boho-kottedzhi-u-morya,updated,https://chnyazvybzzryduhgopa.supabase.co/storage/v1/object/public/site-media/videos/hotels/boho-kottedzhi-u-morya/video-01-1800k.mp4,https://chnyazvybzzryduhgopa.supabase.co/storage/v1/object/public/site-media/videos/hotels/boho-kottedzhi-u-morya/video-01-1800k.mp4,media/videos/hotels/boho-kottedzhi-u-morya/video-01-source.mp4,media/videos/hotels/boho-kottedzhi-u-morya/video-01-1800k.mp4,0.84,0.84,source url replaced
hotels/bugenvileya-otel/index.html,hotels,bugenvileya-otel,updated,https://chnyazvybzzryduhgopa.supabase.co/storage/v1/object/public/site-media/videos/hotels/bugenvileya-otel/video-01-1800k.mp4,https://chnyazvybzzryduhgopa.supabase.co/storage/v1/object/public/site-media/videos/hotels/bugenvileya-otel/video-01-1800k.mp4,media/videos/hotels/bugenvileya-otel/video-01-source.mp4,media/videos/hotels/bugenvileya-otel/video-01-1800k.mp4,20.54,9.38,source url replaced
hotels/bugenvilleya-otel-s-basseynom-3044/index.html,hotels,bugenvilleya-otel-s-basseynom-3044,updated,https://chnyazvybzzryduhgopa.supabase.co/storage/v1/object/public/site-media/videos/hotels/bugenvilleya-otel-s-basseynom-3044/video-01-1800k.mp4,https://chnyazvybzzryduhgopa.supabase.co/storage/v1/object/public/site-media/videos/hotels/bugenvilleya-otel-s-basseynom-3044/video-01-1800k.mp4,media/videos/hotels/bugenvilleya-otel-s-basseynom-3044/video-01-source.mp4,media/videos/hotels/bugenvilleya-otel-s-basseynom-3044/video-01-1800k.mp4,20.54,9.38,source url replaced
hotels/bungalo-glemping-3623/index.html,hotels,bungalo-glemping-3623,updated,https://chnyazvybzzryduhgopa.supabase.co/storage/v1/object/public/site-media/videos/hotels/bungalo-glemping-3623/video-01-1800k.mp4,https://chnyazvybzzryduhgopa.supabase.co/storage/v1/object/public/site-media/videos/hotels/bungalo-glemping-3623/video-01-1800k.mp4,media/videos/hotels/bungalo-glemping-3623/video-01-source.mp4,media/videos/hotels/bungalo-glemping-3623/video-01-1800k.mp4,10.59,10.59,source url replaced
hotels/bzyb-domiki-i-nomera-s-basseynom-4367/index.html,hotels,bzyb-domiki-i-nomera-s-basseynom-4367,updated,https://chnyazvybzzryduhgopa.supabase.co/storage/v1/object/public/site-media/videos/hotels/bzyb-domiki-i-nomera-s-basseynom-4367/video-01-1800k.mp4,https://chnyazvybzzryduhgopa.supabase.co/storage/v1/object/public/site-media/videos/hotels/bzyb-domiki-i-nomera-s-basseynom-4367/video-01-1800k.mp4,media/videos/hotels/bzyb-domiki-i-nomera-s-basseynom-4367/video-01-source.mp4,media/videos/hotels/bzyb-domiki-i-nomera-s-basseynom-4367/video-01-1800k.mp4,68.31,10.71,source url replaced
hotels/delfin-domiki/index.html,hotels,delfin-domiki,updated,https://chnyazvybzzryduhgopa.supabase.co/storage/v1/object/public/site-media/videos/hotels/delfin-domiki/video-01-1800k.mp4,https://chnyazvybzzryduhgopa.supabase.co/storage/v1/object/public/site-media/videos/hotels/delfin-domiki/video-01-1800k.mp4,media/videos/hotels/delfin-domiki/video-01-source.mp4,media/videos/hotels/delfin-domiki/video-01-1800k.mp4,6.91,6.91,source url replaced
hotels/delfin-domiki-3024/index.html,hotels,delfin-domiki-3024,updated,https://chnyazvybzzryduhgopa.supabase.co/storage/v1/object/public/site-media/videos/hotels/delfin-domiki-3024/video-01-1800k.mp4,https://chnyazvybzzryduhgopa.supabase.co/storage/v1/object/public/site-media/videos/hotels/delfin-domiki-3024/video-01-1800k.mp4,media/videos/hotels/delfin-domiki-3024/video-01-source.mp4,media/videos/hotels/delfin-domiki-3024/video-01-1800k.mp4,6.91,6.91,source url replaced
hotels/demi-mokko-domiki/index.html,hotels,demi-mokko-domiki,updated,https://chnyazvybzzryduhgopa.supabase.co/storage/v1/object/public/site-media/videos/hotels/demi-mokko-domiki/video-01-1800k.mp4,https://chnyazvybzzryduhgopa.supabase.co/storage/v1/object/public/site-media/videos/hotels/demi-mokko-domiki/video-01-1800k.mp4,media/videos/hotels/demi-mokko-domiki/video-01-source.mp4,media/videos/hotels/demi-mokko-domiki/video-01-1800k.mp4,24.23,8.86,source url replaced
hotels/demi-mokko-dva-domika-3353/index.html,hotels,demi-mokko-dva-domika-3353,updated,https://chnyazvybzzryduhgopa.supabase.co/storage/v1/object/public/site-media/videos/hotels/demi-mokko-dva-domika-3353/video-01-1800k.mp4,https://chnyazvybzzryduhgopa.supabase.co/storage/v1/object/public/site-media/videos/hotels/demi-mokko-dva-domika-3353/video-01-1800k.mp4,media/videos/hotels/demi-mokko-dva-domika-3353/video-01-source.mp4,media/videos/hotels/demi-mokko-dva-domika-3353/video-01-1800k.mp4,24.23,8.86,source url replaced
hotels/diar-domiki-s-basseynom-4192/index.html,hotels,diar-domiki-s-basseynom-4192,updated,https://chnyazvybzzryduhgopa.supabase.co/storage/v1/object/public/site-media/videos/hotels/diar-domiki-s-basseynom-4192/video-01-1800k.mp4,https://chnyazvybzzryduhgopa.supabase.co/storage/v1/object/public/site-media/videos/hotels/diar-domiki-s-basseynom-4192/video-01-1800k.mp4,media/videos/hotels/diar-domiki-s-basseynom-4192/video-01-1800k.mp4,media/videos/hotels/diar-domiki-s-basseynom-4192/video-01-1800k.mp4,16.37,16.37,source url replaced
hotels/edem-domiki-4409/index.html,hotels,edem-domiki-4409,transcode-error,telegram-embed,,media/videos/hotels/edem-domiki-4409/video-01-source.mp4,media/videos/hotels/edem-domiki-4409/video-01-1800k.mp4,75.38,0, --enable-gpl --enable-libvmaf --enable-libopenjpeg --enable-libopus --enable-libmp3lame --enable-libx264 --enable-libx265 --enable-libvpx --enable-libwebp --enable-libass --enable-libfreetype --enable-fontconfig --enable-libtheora --enable-libvorbis --enable-libsnappy --enable-libaom --enable-libvidstab --enable-libzimg --enable-libsvtav1 --enable-libharfbuzz --enable-libkvazaar --pkg-config-flags=--static --enable-ffplay --enable-postproc --enable-neon --enable-runtime-cpudetect --disable-inde
hotels/ekohoum-kottedzh-otel-3974/index.html,hotels,ekohoum-kottedzh-otel-3974,missing-source,https://chnyazvybzzryduhgopa.supabase.co/storage/v1/object/public/site-media/videos/hotels/ekohoum-kottedzh-otel-3974/video-01-1800k.mp4,,,,0,0,нет локального исходника
hotels/esma-domiki-s-basseynom-v-tsentre-4032/index.html,hotels,esma-domiki-s-basseynom-v-tsentre-4032,updated,https://chnyazvybzzryduhgopa.supabase.co/storage/v1/object/public/site-media/videos/hotels/esma-domiki-s-basseynom-v-tsentre-4032/video-01-1800k.mp4,https://chnyazvybzzryduhgopa.supabase.co/storage/v1/object/public/site-media/videos/hotels/esma-domiki-s-basseynom-v-tsentre-4032/video-01-1800k.mp4,media/videos/hotels/esma-domiki-s-basseynom-v-tsentre-4032/video-01-source.mp4,media/videos/hotels/esma-domiki-s-basseynom-v-tsentre-4032/video-01-1800k.mp4,53.14,8.83,source url replaced
hotels/full-haus-domiki-s-basseynom-4092/index.html,hotels,full-haus-domiki-s-basseynom-4092,updated,https://chnyazvybzzryduhgopa.supabase.co/storage/v1/object/public/site-media/videos/hotels/full-haus-domiki-s-basseynom-4092/video-01-1800k.mp4,https://chnyazvybzzryduhgopa.supabase.co/storage/v1/object/public/site-media/videos/hotels/full-haus-domiki-s-basseynom-4092/video-01-1800k.mp4,media/videos/hotels/full-haus-domiki-s-basseynom-4092/video-01-source.mp4,media/videos/hotels/full-haus-domiki-s-basseynom-4092/video-01-1800k.mp4,58.11,9.56,source url replaced
hotels/grant-apartamenty-2801/index.html,hotels,grant-apartamenty-2801,updated,https://chnyazvybzzryduhgopa.supabase.co/storage/v1/object/public/site-media/videos/hotels/grant-apartamenty-2801/video-01-1800k.mp4,https://chnyazvybzzryduhgopa.supabase.co/storage/v1/object/public/site-media/videos/hotels/grant-apartamenty-2801/video-01-1800k.mp4,media/videos/hotels/grant-apartamenty-2801/video-01-source.mp4,media/videos/hotels/grant-apartamenty-2801/video-01-1800k.mp4,24.99,9.22,source url replaced
hotels/grant-otel-nomera-2820/index.html,hotels,grant-otel-nomera-2820,updated,https://chnyazvybzzryduhgopa.supabase.co/storage/v1/object/public/site-media/videos/hotels/grant-otel-nomera-2820/video-01-1800k.mp4,https://chnyazvybzzryduhgopa.supabase.co/storage/v1/object/public/site-media/videos/hotels/grant-otel-nomera-2820/video-01-1800k.mp4,media/videos/hotels/grant-otel-nomera-2820/video-01-source.mp4,media/videos/hotels/grant-otel-nomera-2820/video-01-1800k.mp4,6.52,2.21,source url replaced
hotels/grey-haus-domiki/index.html,hotels,grey-haus-domiki,updated,https://chnyazvybzzryduhgopa.supabase.co/storage/v1/object/public/site-media/videos/hotels/grey-haus-domiki/video-01-1800k.mp4,https://chnyazvybzzryduhgopa.supabase.co/storage/v1/object/public/site-media/videos/hotels/grey-haus-domiki/video-01-1800k.mp4,media/videos/hotels/grey-haus-domiki/video-01-source.mp4,media/videos/hotels/grey-haus-domiki/video-01-1800k.mp4,34.84,13.55,source url replaced
hotels/grin-villadzh-domiki-3633/index.html,hotels,grin-villadzh-domiki-3633,updated,https://chnyazvybzzryduhgopa.supabase.co/storage/v1/object/public/site-media/videos/hotels/grin-villadzh-domiki-3633/video-01-1800k.mp4,https://chnyazvybzzryduhgopa.supabase.co/storage/v1/object/public/site-media/videos/hotels/grin-villadzh-domiki-3633/video-01-1800k.mp4,media/videos/hotels/grin-villadzh-domiki-3633/video-01-source.mp4,media/videos/hotels/grin-villadzh-domiki-3633/video-01-1800k.mp4,27.16,9.77,source url replaced
hotels/heppi-lend-domiki-dvuhetazhnye-3313/index.html,hotels,heppi-lend-domiki-dvuhetazhnye-3313,updated,https://chnyazvybzzryduhgopa.supabase.co/storage/v1/object/public/site-media/videos/hotels/heppi-lend-domiki-dvuhetazhnye-3313/video-01-1800k.mp4,https://chnyazvybzzryduhgopa.supabase.co/storage/v1/object/public/site-media/videos/hotels/heppi-lend-domiki-dvuhetazhnye-3313/video-01-1800k.mp4,media/videos/hotels/heppi-lend-domiki-dvuhetazhnye-3313/video-01-source.mp4,media/videos/hotels/heppi-lend-domiki-dvuhetazhnye-3313/video-01-1800k.mp4,12.6,4.66,source url replaced
hotels/irsen-domiki-3642/index.html,hotels,irsen-domiki-3642,updated,https://chnyazvybzzryduhgopa.supabase.co/storage/v1/object/public/site-media/videos/hotels/irsen-domiki-3642/video-01-1800k.mp4,https://chnyazvybzzryduhgopa.supabase.co/storage/v1/object/public/site-media/videos/hotels/irsen-domiki-3642/video-01-1800k.mp4,media/videos/hotels/irsen-domiki-3642/video-01-source.mp4,media/videos/hotels/irsen-domiki-3642/video-01-1800k.mp4,37.28,5.99,source url replaced
hotels/kameliya-3084/index.html,hotels,kameliya-3084,updated,https://chnyazvybzzryduhgopa.supabase.co/storage/v1/object/public/site-media/videos/hotels/kameliya-3084/video-01-1800k.mp4,https://chnyazvybzzryduhgopa.supabase.co/storage/v1/object/public/site-media/videos/hotels/kameliya-3084/video-01-1800k.mp4,media/videos/hotels/kameliya-3084/video-01-source.mp4,media/videos/hotels/kameliya-3084/video-01-1800k.mp4,23.15,9.03,source url replaced
hotels/kameliya-domiki-3084/index.html,hotels,kameliya-domiki-3084,updated,https://chnyazvybzzryduhgopa.supabase.co/storage/v1/object/public/site-media/videos/hotels/kameliya-domiki-3084/video-01-1800k.mp4,https://chnyazvybzzryduhgopa.supabase.co/storage/v1/object/public/site-media/videos/hotels/kameliya-domiki-3084/video-01-1800k.mp4,media/videos/hotels/kameliya-domiki-3084/video-01-source.mp4,media/videos/hotels/kameliya-domiki-3084/video-01-1800k.mp4,23.15,9.03,source url replaced
hotels/karalina-apartamenty-3124/index.html,hotels,karalina-apartamenty-3124,updated,https://chnyazvybzzryduhgopa.supabase.co/storage/v1/object/public/site-media/videos/hotels/karalina-apartamenty-3124/video-01-1800k.mp4,https://chnyazvybzzryduhgopa.supabase.co/storage/v1/object/public/site-media/videos/hotels/karalina-apartamenty-3124/video-01-1800k.mp4,media/videos/hotels/karalina-apartamenty-3124/video-01-source.mp4,media/videos/hotels/karalina-apartamenty-3124/video-01-1800k.mp4,5.71,5.71,source url replaced
hotels/kastl-otel-s-teplym-basseynom-i-vidom-na-mor-2859/index.html,hotels,kastl-otel-s-teplym-basseynom-i-vidom-na-mor-2859,updated,https://chnyazvybzzryduhgopa.supabase.co/storage/v1/object/public/site-media/videos/hotels/kastl-otel-s-teplym-basseynom-i-vidom-na-mor-2859/video-01-1800k.mp4,https://chnyazvybzzryduhgopa.supabase.co/storage/v1/object/public/site-media/videos/hotels/kastl-otel-s-teplym-basseynom-i-vidom-na-mor-2859/video-01-1800k.mp4,media/videos/hotels/kastl-otel-s-teplym-basseynom-i-vidom-na-mor-2859/video-01-source.mp4,media/videos/hotels/kastl-otel-s-teplym-basseynom-i-vidom-na-mor-2859/video-01-1800k.mp4,23.98,9.21,source url replaced
hotels/kastl-otel-s-teplym-basseynom-i-vidom-na-more-2859/index.html,hotels,kastl-otel-s-teplym-basseynom-i-vidom-na-more-2859,updated,https://chnyazvybzzryduhgopa.supabase.co/storage/v1/object/public/site-media/videos/hotels/kastl-otel-s-teplym-basseynom-i-vidom-na-more-2859/video-01-1800k.mp4,https://chnyazvybzzryduhgopa.supabase.co/storage/v1/object/public/site-media/videos/hotels/kastl-otel-s-teplym-basseynom-i-vidom-na-more-2859/video-01-1800k.mp4,media/videos/hotels/kastl-otel-s-teplym-basseynom-i-vidom-na-more-2859/video-01-source.mp4,media/videos/hotels/kastl-otel-s-teplym-basseynom-i-vidom-na-more-2859/video-01-1800k.mp4,23.98,9.21,source url replaced
hotels/kavo-de-bukso-domiki-3323/index.html,hotels,kavo-de-bukso-domiki-3323,updated,https://chnyazvybzzryduhgopa.supabase.co/storage/v1/object/public/site-media/videos/hotels/kavo-de-bukso-domiki-3323/video-01-1800k.mp4,https://chnyazvybzzryduhgopa.supabase.co/storage/v1/object/public/site-media/videos/hotels/kavo-de-bukso-domiki-3323/video-01-1800k.mp4,media/videos/hotels/kavo-de-bukso-domiki-3323/video-01-source.mp4,media/videos/hotels/kavo-de-bukso-domiki-3323/video-01-1800k.mp4,14.87,6.33,source url replaced
hotels/kedrovyy-eko-otel-s-basseynom-4419/index.html,hotels,kedrovyy-eko-otel-s-basseynom-4419,updated,https://chnyazvybzzryduhgopa.supabase.co/storage/v1/object/public/site-media/videos/hotels/kedrovyy-eko-otel-s-basseynom-4419/video-01-1800k.mp4,https://chnyazvybzzryduhgopa.supabase.co/storage/v1/object/public/site-media/videos/hotels/kedrovyy-eko-otel-s-basseynom-4419/video-01-1800k.mp4,media/videos/hotels/kedrovyy-eko-otel-s-basseynom-4419/video-01-source.mp4,media/videos/hotels/kedrovyy-eko-otel-s-basseynom-4419/video-01-1800k.mp4,55.95,9.49,source url replaced
hotels/kiaraz-rezort-gostevoy-kompleks-s-basseynom-4459/index.html,hotels,kiaraz-rezort-gostevoy-kompleks-s-basseynom-4459,updated,https://chnyazvybzzryduhgopa.supabase.co/storage/v1/object/public/site-media/videos/hotels/kiaraz-rezort-gostevoy-kompleks-s-basseynom-4459/video-01-1800k.mp4,https://chnyazvybzzryduhgopa.supabase.co/storage/v1/object/public/site-media/videos/hotels/kiaraz-rezort-gostevoy-kompleks-s-basseynom-4459/video-01-1800k.mp4,media/videos/hotels/kiaraz-rezort-gostevoy-kompleks-s-basseynom-4459/video-01-source.mp4,media/videos/hotels/kiaraz-rezort-gostevoy-kompleks-s-basseynom-4459/video-01-1800k.mp4,66.39,11.41,source url replaced
hotels/kira-gostevoy-kompleks-2725/index.html,hotels,kira-gostevoy-kompleks-2725,updated,https://chnyazvybzzryduhgopa.supabase.co/storage/v1/object/public/site-media/videos/hotels/kira-gostevoy-kompleks-2725/video-01-1800k.mp4,https://chnyazvybzzryduhgopa.supabase.co/storage/v1/object/public/site-media/videos/hotels/kira-gostevoy-kompleks-2725/video-01-1800k.mp4,media/videos/hotels/kira-gostevoy-kompleks-2725/video-01-source.mp4,media/videos/hotels/kira-gostevoy-kompleks-2725/video-01-1800k.mp4,28.88,10.89,source url replaced
hotels/krylya-domiki-vidovye-dvuhkomnatnye-2765/index.html,hotels,krylya-domiki-vidovye-dvuhkomnatnye-2765,updated,https://chnyazvybzzryduhgopa.supabase.co/storage/v1/object/public/site-media/videos/hotels/krylya-domiki-vidovye-dvuhkomnatnye-2765/video-01-1800k.mp4,https://chnyazvybzzryduhgopa.supabase.co/storage/v1/object/public/site-media/videos/hotels/krylya-domiki-vidovye-dvuhkomnatnye-2765/video-01-1800k.mp4,media/videos/hotels/krylya-domiki-vidovye-dvuhkomnatnye-2765/video-01-source.mp4,media/videos/hotels/krylya-domiki-vidovye-dvuhkomnatnye-2765/video-01-1800k.mp4,12.13,5.0,source url replaced
hotels/laym-mini-otel-s-basseynom-u-zapovednika-3554/index.html,hotels,laym-mini-otel-s-basseynom-u-zapovednika-3554,updated,https://chnyazvybzzryduhgopa.supabase.co/storage/v1/object/public/site-media/videos/hotels/laym-mini-otel-s-basseynom-u-zapovednika-3554/video-01-1800k.mp4,https://chnyazvybzzryduhgopa.supabase.co/storage/v1/object/public/site-media/videos/hotels/laym-mini-otel-s-basseynom-u-zapovednika-3554/video-01-1800k.mp4,media/videos/hotels/laym-mini-otel-s-basseynom-u-zapovednika-3554/video-01-source.mp4,media/videos/hotels/laym-mini-otel-s-basseynom-u-zapovednika-3554/video-01-1800k.mp4,21.47,8.54,source url replaced
hotels/lazurit-novyy-otel-s-zavtrakami-2583/index.html,hotels,lazurit-novyy-otel-s-zavtrakami-2583,updated,https://chnyazvybzzryduhgopa.supabase.co/storage/v1/object/public/site-media/videos/hotels/lazurit-novyy-otel-s-zavtrakami-2583/video-01-1800k.mp4,https://chnyazvybzzryduhgopa.supabase.co/storage/v1/object/public/site-media/videos/hotels/lazurit-novyy-otel-s-zavtrakami-2583/video-01-1800k.mp4,media/videos/hotels/lazurit-novyy-otel-s-zavtrakami-2583/video-01-source.mp4,media/videos/hotels/lazurit-novyy-otel-s-zavtrakami-2583/video-01-1800k.mp4,11.35,9.09,source url replaced
hotels/lazurnyy-bereg-butik-otel-s-pitaniem-2592/index.html,hotels,lazurnyy-bereg-butik-otel-s-pitaniem-2592,updated,https://chnyazvybzzryduhgopa.supabase.co/storage/v1/object/public/site-media/videos/hotels/lazurnyy-bereg-butik-otel-s-pitaniem-2592/video-01-1800k.mp4,https://chnyazvybzzryduhgopa.supabase.co/storage/v1/object/public/site-media/videos/hotels/lazurnyy-bereg-butik-otel-s-pitaniem-2592/video-01-1800k.mp4,media/videos/hotels/lazurnyy-bereg-butik-otel-s-pitaniem-2592/video-01-source.mp4,media/videos/hotels/lazurnyy-bereg-butik-otel-s-pitaniem-2592/video-01-1800k.mp4,26.34,9.07,source url replaced
hotels/leon-domiki/index.html,hotels,leon-domiki,updated,https://chnyazvybzzryduhgopa.supabase.co/storage/v1/object/public/site-media/videos/hotels/leon-domiki/video-01-1800k.mp4,https://chnyazvybzzryduhgopa.supabase.co/storage/v1/object/public/site-media/videos/hotels/leon-domiki/video-01-1800k.mp4,media/videos/hotels/leon-domiki/video-01-source.mp4,media/videos/hotels/leon-domiki/video-01-1800k.mp4,8.92,7.04,source url replaced
hotels/leon-domiki-3536/index.html,hotels,leon-domiki-3536,updated,https://chnyazvybzzryduhgopa.supabase.co/storage/v1/object/public/site-media/videos/hotels/leon-domiki-3536/video-01-1800k.mp4,https://chnyazvybzzryduhgopa.supabase.co/storage/v1/object/public/site-media/videos/hotels/leon-domiki-3536/video-01-1800k.mp4,media/videos/hotels/leon-domiki-3536/video-01-source.mp4,media/videos/hotels/leon-domiki-3536/video-01-1800k.mp4,8.92,7.04,source url replaced
hotels/liliya-uyutnyy-otel-s-zavtrakami-3832/index.html,hotels,liliya-uyutnyy-otel-s-zavtrakami-3832,missing-source,https://chnyazvybzzryduhgopa.supabase.co/storage/v1/object/public/site-media/videos/hotels/liliya-uyutnyy-otel-s-zavtrakami-3832/video-01-1800k.mp4,,,,0,0,нет локального исходника
hotels/lk-otel-s-basseynom-4123/index.html,hotels,lk-otel-s-basseynom-4123,updated,https://chnyazvybzzryduhgopa.supabase.co/storage/v1/object/public/site-media/videos/hotels/lk-otel-s-basseynom-4123/video-01-1800k.mp4,https://chnyazvybzzryduhgopa.supabase.co/storage/v1/object/public/site-media/videos/hotels/lk-otel-s-basseynom-4123/video-01-1800k.mp4,media/videos/hotels/lk-otel-s-basseynom-4123/video-01-source.mp4,media/videos/hotels/lk-otel-s-basseynom-4123/video-01-1800k.mp4,68.41,11.19,source url replaced
hotels/lnd-gostevoy-dom-v-sinope-3687/index.html,hotels,lnd-gostevoy-dom-v-sinope-3687,updated,https://chnyazvybzzryduhgopa.supabase.co/storage/v1/object/public/site-media/videos/hotels/lnd-gostevoy-dom-v-sinope-3687/video-01-1800k.mp4,https://chnyazvybzzryduhgopa.supabase.co/storage/v1/object/public/site-media/videos/hotels/lnd-gostevoy-dom-v-sinope-3687/video-01-1800k.mp4,media/videos/hotels/lnd-gostevoy-dom-v-sinope-3687/video-01-source.mp4,media/videos/hotels/lnd-gostevoy-dom-v-sinope-3687/video-01-1800k.mp4,16.54,12.71,source url replaced
hotels/madlena-domiki-3344/index.html,hotels,madlena-domiki-3344,updated,https://chnyazvybzzryduhgopa.supabase.co/storage/v1/object/public/site-media/videos/hotels/madlena-domiki-3344/video-01-1800k.mp4,https://chnyazvybzzryduhgopa.supabase.co/storage/v1/object/public/site-media/videos/hotels/madlena-domiki-3344/video-01-1800k.mp4,media/videos/hotels/madlena-domiki-3344/video-01-source.mp4,media/videos/hotels/madlena-domiki-3344/video-01-1800k.mp4,14.14,5.53,source url replaced
hotels/mandarin-otel-u-sosnovogo-plyazha-s-zavtrakami-4133/index.html,hotels,mandarin-otel-u-sosnovogo-plyazha-s-zavtrakami-4133,updated,https://chnyazvybzzryduhgopa.supabase.co/storage/v1/object/public/site-media/videos/hotels/mandarin-otel-u-sosnovogo-plyazha-s-zavtrakami-4133/video-01-1800k.mp4,https://chnyazvybzzryduhgopa.supabase.co/storage/v1/object/public/site-media/videos/hotels/mandarin-otel-u-sosnovogo-plyazha-s-zavtrakami-4133/video-01-1800k.mp4,media/videos/hotels/mandarin-otel-u-sosnovogo-plyazha-s-zavtrakami-4133/video-01-1800k.mp4,media/videos/hotels/mandarin-otel-u-sosnovogo-plyazha-s-zavtrakami-4133/video-01-1800k.mp4,17.5,17.5,source url replaced
hotels/mandarinovyy-dvorik-dom-pod-klyuch-3789/index.html,hotels,mandarinovyy-dvorik-dom-pod-klyuch-3789,missing-source,https://chnyazvybzzryduhgopa.supabase.co/storage/v1/object/public/site-media/videos/hotels/mandarinovyy-dvorik-dom-pod-klyuch-3789/video-01-1800k.mp4,,,,0,0,нет локального исходника
hotels/manon-otel-so-skazochnym-vidom-2512/index.html,hotels,manon-otel-so-skazochnym-vidom-2512,updated,https://chnyazvybzzryduhgopa.supabase.co/storage/v1/object/public/site-media/videos/hotels/manon-otel-so-skazochnym-vidom-2512/video-01-1800k.mp4,https://chnyazvybzzryduhgopa.supabase.co/storage/v1/object/public/site-media/videos/hotels/manon-otel-so-skazochnym-vidom-2512/video-01-1800k.mp4,media/videos/hotels/manon-otel-so-skazochnym-vidom-2512/video-01-source.mp4,media/videos/hotels/manon-otel-so-skazochnym-vidom-2512/video-01-1800k.mp4,72.62,12.82,source url replaced
hotels/marta-gostevye-nomera-3574/index.html,hotels,marta-gostevye-nomera-3574,updated,https://chnyazvybzzryduhgopa.supabase.co/storage/v1/object/public/site-media/videos/hotels/marta-gostevye-nomera-3574/video-01-1800k.mp4,https://chnyazvybzzryduhgopa.supabase.co/storage/v1/object/public/site-media/videos/hotels/marta-gostevye-nomera-3574/video-01-1800k.mp4,media/videos/hotels/marta-gostevye-nomera-3574/video-01-source.mp4,media/videos/hotels/marta-gostevye-nomera-3574/video-01-1800k.mp4,8.51,4.19,source url replaced
hotels/mayak-gostevoy-dom-3810/index.html,hotels,mayak-gostevoy-dom-3810,missing-source,https://chnyazvybzzryduhgopa.supabase.co/storage/v1/object/public/site-media/videos/hotels/mayak-gostevoy-dom-3810/video-01-1800k.mp4,,,,0,0,нет локального исходника
hotels/mechta-apartamenty-s-kuhney-3363/index.html,hotels,mechta-apartamenty-s-kuhney-3363,updated,https://chnyazvybzzryduhgopa.supabase.co/storage/v1/object/public/site-media/videos/hotels/mechta-apartamenty-s-kuhney-3363/video-01-1800k.mp4,https://chnyazvybzzryduhgopa.supabase.co/storage/v1/object/public/site-media/videos/hotels/mechta-apartamenty-s-kuhney-3363/video-01-1800k.mp4,media/videos/hotels/mechta-apartamenty-s-kuhney-3363/video-01-source.mp4,media/videos/hotels/mechta-apartamenty-s-kuhney-3363/video-01-1800k.mp4,15.45,5.77,source url replaced
hotels/mika-gostevoy-dom-ekonom/index.html,hotels,mika-gostevoy-dom-ekonom,updated,https://chnyazvybzzryduhgopa.supabase.co/storage/v1/object/public/site-media/videos/hotels/mika-gostevoy-dom-ekonom/video-01-1800k.mp4,https://chnyazvybzzryduhgopa.supabase.co/storage/v1/object/public/site-media/videos/hotels/mika-gostevoy-dom-ekonom/video-01-1800k.mp4,media/videos/hotels/mika-gostevoy-dom-ekonom/video-01-source.mp4,media/videos/hotels/mika-gostevoy-dom-ekonom/video-01-1800k.mp4,11.35,4.41,source url replaced
hotels/mika-gostevoy-dom-ekonom-3094/index.html,hotels,mika-gostevoy-dom-ekonom-3094,updated,https://chnyazvybzzryduhgopa.supabase.co/storage/v1/object/public/site-media/videos/hotels/mika-gostevoy-dom-ekonom-3094/video-01-1800k.mp4,https://chnyazvybzzryduhgopa.supabase.co/storage/v1/object/public/site-media/videos/hotels/mika-gostevoy-dom-ekonom-3094/video-01-1800k.mp4,media/videos/hotels/mika-gostevoy-dom-ekonom-3094/video-01-source.mp4,media/videos/hotels/mika-gostevoy-dom-ekonom-3094/video-01-1800k.mp4,11.35,4.41,source url replaced
hotels/mira-domiki-i-nomera-u-ozera-2956/index.html,hotels,mira-domiki-i-nomera-u-ozera-2956,updated,https://chnyazvybzzryduhgopa.supabase.co/storage/v1/object/public/site-media/videos/hotels/mira-domiki-i-nomera-u-ozera-2956/video-01-1800k.mp4,https://chnyazvybzzryduhgopa.supabase.co/storage/v1/object/public/site-media/videos/hotels/mira-domiki-i-nomera-u-ozera-2956/video-01-1800k.mp4,media/videos/hotels/mira-domiki-i-nomera-u-ozera-2956/video-01-source.mp4,media/videos/hotels/mira-domiki-i-nomera-u-ozera-2956/video-01-1800k.mp4,14.72,11.83,source url replaced
hotels/miraslava-mini-otel-3143/index.html,hotels,miraslava-mini-otel-3143,updated,https://chnyazvybzzryduhgopa.supabase.co/storage/v1/object/public/site-media/videos/hotels/miraslava-mini-otel-3143/video-01-1800k.mp4,https://chnyazvybzzryduhgopa.supabase.co/storage/v1/object/public/site-media/videos/hotels/miraslava-mini-otel-3143/video-01-1800k.mp4,media/videos/hotels/miraslava-mini-otel-3143/video-01-source.mp4,media/videos/hotels/miraslava-mini-otel-3143/video-01-1800k.mp4,9.71,10.62,source url replaced
hotels/mokko-briz-dva-domika-4152/index.html,hotels,mokko-briz-dva-domika-4152,updated,https://chnyazvybzzryduhgopa.supabase.co/storage/v1/object/public/site-media/videos/hotels/mokko-briz-dva-domika-4152/video-01-1800k.mp4,https://chnyazvybzzryduhgopa.supabase.co/storage/v1/object/public/site-media/videos/hotels/mokko-briz-dva-domika-4152/video-01-1800k.mp4,media/videos/hotels/mokko-briz-dva-domika-4152/video-01-source.mp4,media/videos/hotels/mokko-briz-dva-domika-4152/video-01-1800k.mp4,53.98,8.99,source url replaced
hotels/moreon-domiki-2919/index.html,hotels,moreon-domiki-2919,updated,https://chnyazvybzzryduhgopa.supabase.co/storage/v1/object/public/site-media/videos/hotels/moreon-domiki-2919/video-01-1800k.mp4,https://chnyazvybzzryduhgopa.supabase.co/storage/v1/object/public/site-media/videos/hotels/moreon-domiki-2919/video-01-1800k.mp4,media/videos/hotels/moreon-domiki-2919/video-01-source.mp4,media/videos/hotels/moreon-domiki-2919/video-01-1800k.mp4,28.86,12.25,source url replaced
hotels/morskaya-laguna-gostinitsa-s-zavtrakami-3418/index.html,hotels,morskaya-laguna-gostinitsa-s-zavtrakami-3418,updated,https://chnyazvybzzryduhgopa.supabase.co/storage/v1/object/public/site-media/videos/hotels/morskaya-laguna-gostinitsa-s-zavtrakami-3418/video-01-1800k.mp4,https://chnyazvybzzryduhgopa.supabase.co/storage/v1/object/public/site-media/videos/hotels/morskaya-laguna-gostinitsa-s-zavtrakami-3418/video-01-1800k.mp4,media/videos/hotels/morskaya-laguna-gostinitsa-s-zavtrakami-3418/video-01-source.mp4,media/videos/hotels/morskaya-laguna-gostinitsa-s-zavtrakami-3418/video-01-1800k.mp4,22.16,8.83,source url replaced
hotels/mulberri-otel-na-plyazhe-s-basseynom-i-kafe-3074/index.html,hotels,mulberri-otel-na-plyazhe-s-basseynom-i-kafe-3074,updated,https://chnyazvybzzryduhgopa.supabase.co/storage/v1/object/public/site-media/videos/hotels/mulberri-otel-na-plyazhe-s-basseynom-i-kafe-3074/video-01-1800k.mp4,https://chnyazvybzzryduhgopa.supabase.co/storage/v1/object/public/site-media/videos/hotels/mulberri-otel-na-plyazhe-s-basseynom-i-kafe-3074/video-01-1800k.mp4,media/videos/hotels/mulberri-otel-na-plyazhe-s-basseynom-i-kafe-3074/video-01-source.mp4,media/videos/hotels/mulberri-otel-na-plyazhe-s-basseynom-i-kafe-3074/video-01-1800k.mp4,13.34,8.64,source url replaced
hotels/na-vremya-v-rayu-zhile-pod-klyuch-4357/index.html,hotels,na-vremya-v-rayu-zhile-pod-klyuch-4357,updated,https://chnyazvybzzryduhgopa.supabase.co/storage/v1/object/public/site-media/videos/hotels/na-vremya-v-rayu-zhile-pod-klyuch-4357/video-01-1800k.mp4,https://chnyazvybzzryduhgopa.supabase.co/storage/v1/object/public/site-media/videos/hotels/na-vremya-v-rayu-zhile-pod-klyuch-4357/video-01-1800k.mp4,media/videos/hotels/na-vremya-v-rayu-zhile-pod-klyuch-4357/video-01-1800k.mp4,media/videos/hotels/na-vremya-v-rayu-zhile-pod-klyuch-4357/video-01-1800k.mp4,33.91,33.91,source url replaced
hotels/nasta-apartamenty/index.html,hotels,nasta-apartamenty,updated,https://chnyazvybzzryduhgopa.supabase.co/storage/v1/object/public/site-media/videos/hotels/nasta-apartamenty/video-01-1800k.mp4,https://chnyazvybzzryduhgopa.supabase.co/storage/v1/object/public/site-media/videos/hotels/nasta-apartamenty/video-01-1800k.mp4,media/videos/hotels/nasta-apartamenty/video-01-source.mp4,media/videos/hotels/nasta-apartamenty/video-01-1800k.mp4,6.63,6.63,source url replaced
hotels/nasta-apartamenty-3258/index.html,hotels,nasta-apartamenty-3258,updated,https://chnyazvybzzryduhgopa.supabase.co/storage/v1/object/public/site-media/videos/hotels/nasta-apartamenty-3258/video-01-1800k.mp4,https://chnyazvybzzryduhgopa.supabase.co/storage/v1/object/public/site-media/videos/hotels/nasta-apartamenty-3258/video-01-1800k.mp4,media/videos/hotels/nasta-apartamenty-3258/video-01-source.mp4,media/videos/hotels/nasta-apartamenty-3258/video-01-1800k.mp4,6.63,6.63,source url replaced
hotels/nasta-gostevoy-dom/index.html,hotels,nasta-gostevoy-dom,updated,https://chnyazvybzzryduhgopa.supabase.co/storage/v1/object/public/site-media/videos/hotels/nasta-gostevoy-dom/video-01-1800k.mp4,https://chnyazvybzzryduhgopa.supabase.co/storage/v1/object/public/site-media/videos/hotels/nasta-gostevoy-dom/video-01-1800k.mp4,media/videos/hotels/nasta-gostevoy-dom/video-01-source.mp4,media/videos/hotels/nasta-gostevoy-dom/video-01-1800k.mp4,8.27,6.24,source url replaced
hotels/nasta-gostevoy-dom-3249/index.html,hotels,nasta-gostevoy-dom-3249,updated,https://chnyazvybzzryduhgopa.supabase.co/storage/v1/object/public/site-media/videos/hotels/nasta-gostevoy-dom-3249/video-01-1800k.mp4,https://chnyazvybzzryduhgopa.supabase.co/storage/v1/object/public/site-media/videos/hotels/nasta-gostevoy-dom-3249/video-01-1800k.mp4,media/videos/hotels/nasta-gostevoy-dom-3249/video-01-source.mp4,media/videos/hotels/nasta-gostevoy-dom-3249/video-01-1800k.mp4,8.27,6.24,source url replaced
hotels/neanila-eko-domiki-4308/index.html,hotels,neanila-eko-domiki-4308,updated,https://chnyazvybzzryduhgopa.supabase.co/storage/v1/object/public/site-media/videos/hotels/neanila-eko-domiki-4308/video-01-1800k.mp4,https://chnyazvybzzryduhgopa.supabase.co/storage/v1/object/public/site-media/videos/hotels/neanila-eko-domiki-4308/video-01-1800k.mp4,media/videos/hotels/neanila-eko-domiki-4308/video-01-source.mp4,media/videos/hotels/neanila-eko-domiki-4308/video-01-1800k.mp4,38.0,4.37,source url replaced
hotels/nikopsiya-domiki-3015/index.html,hotels,nikopsiya-domiki-3015,updated,https://chnyazvybzzryduhgopa.supabase.co/storage/v1/object/public/site-media/videos/hotels/nikopsiya-domiki-3015/video-01-1800k.mp4,https://chnyazvybzzryduhgopa.supabase.co/storage/v1/object/public/site-media/videos/hotels/nikopsiya-domiki-3015/video-01-1800k.mp4,media/videos/hotels/nikopsiya-domiki-3015/video-01-source.mp4,media/videos/hotels/nikopsiya-domiki-3015/video-01-1800k.mp4,14.37,6.09,source url replaced
hotels/oazis-villa-4052/index.html,hotels,oazis-villa-4052,updated,https://chnyazvybzzryduhgopa.supabase.co/storage/v1/object/public/site-media/videos/hotels/oazis-villa-4052/video-01-1800k.mp4,https://chnyazvybzzryduhgopa.supabase.co/storage/v1/object/public/site-media/videos/hotels/oazis-villa-4052/video-01-1800k.mp4,media/videos/hotels/oazis-villa-4052/video-01-1800k.mp4,media/videos/hotels/oazis-villa-4052/video-01-1800k.mp4,18.31,18.31,source url replaced
hotels/parus-vidovoy-otel-s-basseynom-i-stolovoy-2602/index.html,hotels,parus-vidovoy-otel-s-basseynom-i-stolovoy-2602,updated,https://chnyazvybzzryduhgopa.supabase.co/storage/v1/object/public/site-media/videos/hotels/parus-vidovoy-otel-s-basseynom-i-stolovoy-2602/video-01-1800k.mp4,https://chnyazvybzzryduhgopa.supabase.co/storage/v1/object/public/site-media/videos/hotels/parus-vidovoy-otel-s-basseynom-i-stolovoy-2602/video-01-1800k.mp4,media/videos/hotels/parus-vidovoy-otel-s-basseynom-i-stolovoy-2602/video-01-source.mp4,media/videos/hotels/parus-vidovoy-otel-s-basseynom-i-stolovoy-2602/video-01-1800k.mp4,24.25,9.34,source url replaced
hotels/pegas-otel-na-pervoy-linii-vid-na-more-2574/index.html,hotels,pegas-otel-na-pervoy-linii-vid-na-more-2574,updated,https://chnyazvybzzryduhgopa.supabase.co/storage/v1/object/public/site-media/videos/hotels/pegas-otel-na-pervoy-linii-vid-na-more-2574/video-01-1800k.mp4,https://chnyazvybzzryduhgopa.supabase.co/storage/v1/object/public/site-media/videos/hotels/pegas-otel-na-pervoy-linii-vid-na-more-2574/video-01-1800k.mp4,media/videos/hotels/pegas-otel-na-pervoy-linii-vid-na-more-2574/video-01-source.mp4,media/videos/hotels/pegas-otel-na-pervoy-linii-vid-na-more-2574/video-01-1800k.mp4,15.94,11.05,source url replaced
hotels/peschanyy-bereg-apartamenty-3697/index.html,hotels,peschanyy-bereg-apartamenty-3697,updated,https://chnyazvybzzryduhgopa.supabase.co/storage/v1/object/public/site-media/videos/hotels/peschanyy-bereg-apartamenty-3697/video-01-1800k.mp4,https://chnyazvybzzryduhgopa.supabase.co/storage/v1/object/public/site-media/videos/hotels/peschanyy-bereg-apartamenty-3697/video-01-1800k.mp4,media/videos/hotels/peschanyy-bereg-apartamenty-3697/video-01-source.mp4,media/videos/hotels/peschanyy-bereg-apartamenty-3697/video-01-1800k.mp4,6.87,6.91,source url replaced
hotels/pshada-otel-s-pitaniem-u-sosnovogo-plyazha-2889/index.html,hotels,pshada-otel-s-pitaniem-u-sosnovogo-plyazha-2889,missing-source,https://chnyazvybzzryduhgopa.supabase.co/storage/v1/object/public/site-media/videos/hotels/pshada-otel-s-pitaniem-u-sosnovogo-plyazha-2889/video-01-1800k.mp4,,,,0,0,нет локального исходника
hotels/rivera-domiki-na-plyazhe-2966/index.html,hotels,rivera-domiki-na-plyazhe-2966,updated,https://chnyazvybzzryduhgopa.supabase.co/storage/v1/object/public/site-media/videos/hotels/rivera-domiki-na-plyazhe-2966/video-01-1800k.mp4,https://chnyazvybzzryduhgopa.supabase.co/storage/v1/object/public/site-media/videos/hotels/rivera-domiki-na-plyazhe-2966/video-01-1800k.mp4,media/videos/hotels/rivera-domiki-na-plyazhe-2966/video-01-source.mp4,media/videos/hotels/rivera-domiki-na-plyazhe-2966/video-01-1800k.mp4,6.61,5.41,source url replaced
hotels/rivera-gostinitsa-vidovaya-2706/index.html,hotels,rivera-gostinitsa-vidovaya-2706,updated,https://chnyazvybzzryduhgopa.supabase.co/storage/v1/object/public/site-media/videos/hotels/rivera-gostinitsa-vidovaya-2706/video-01-1800k.mp4,https://chnyazvybzzryduhgopa.supabase.co/storage/v1/object/public/site-media/videos/hotels/rivera-gostinitsa-vidovaya-2706/video-01-1800k.mp4,media/videos/hotels/rivera-gostinitsa-vidovaya-2706/video-01-source.mp4,media/videos/hotels/rivera-gostinitsa-vidovaya-2706/video-01-1800k.mp4,8.17,8.17,source url replaced
hotels/samshit-domiki-i-nomera-u-zapovednika-2677/index.html,hotels,samshit-domiki-i-nomera-u-zapovednika-2677,updated,https://chnyazvybzzryduhgopa.supabase.co/storage/v1/object/public/site-media/videos/hotels/samshit-domiki-i-nomera-u-zapovednika-2677/video-01-1800k.mp4,https://chnyazvybzzryduhgopa.supabase.co/storage/v1/object/public/site-media/videos/hotels/samshit-domiki-i-nomera-u-zapovednika-2677/video-01-1800k.mp4,media/videos/hotels/samshit-domiki-i-nomera-u-zapovednika-2677/video-01-source.mp4,media/videos/hotels/samshit-domiki-i-nomera-u-zapovednika-2677/video-01-1800k.mp4,29.97,11.33,source url replaced
hotels/san-amra-lyuks-nomera-s-vidom-na-more-2631/index.html,hotels,san-amra-lyuks-nomera-s-vidom-na-more-2631,updated,https://chnyazvybzzryduhgopa.supabase.co/storage/v1/object/public/site-media/videos/hotels/san-amra-lyuks-nomera-s-vidom-na-more-2631/video-01-1800k.mp4,https://chnyazvybzzryduhgopa.supabase.co/storage/v1/object/public/site-media/videos/hotels/san-amra-lyuks-nomera-s-vidom-na-more-2631/video-01-1800k.mp4,media/videos/hotels/san-amra-lyuks-nomera-s-vidom-na-more-2631/video-01-source.mp4,media/videos/hotels/san-amra-lyuks-nomera-s-vidom-na-more-2631/video-01-1800k.mp4,26.24,10.5,source url replaced
hotels/san-amra-novyy-otel-na-plyazhe-ldzaa-2631/index.html,hotels,san-amra-novyy-otel-na-plyazhe-ldzaa-2631,updated,https://chnyazvybzzryduhgopa.supabase.co/storage/v1/object/public/site-media/videos/hotels/san-amra-novyy-otel-na-plyazhe-ldzaa-2631/video-01-1800k.mp4,https://chnyazvybzzryduhgopa.supabase.co/storage/v1/object/public/site-media/videos/hotels/san-amra-novyy-otel-na-plyazhe-ldzaa-2631/video-01-1800k.mp4,media/videos/hotels/san-amra-novyy-otel-na-plyazhe-ldzaa-2631/video-01-source.mp4,media/videos/hotels/san-amra-novyy-otel-na-plyazhe-ldzaa-2631/video-01-1800k.mp4,26.24,10.5,source url replaced
hotels/san-pino-domiki-derevyannye-s-basseynom-3005/index.html,hotels,san-pino-domiki-derevyannye-s-basseynom-3005,updated,https://chnyazvybzzryduhgopa.supabase.co/storage/v1/object/public/site-media/videos/hotels/san-pino-domiki-derevyannye-s-basseynom-3005/video-01-1800k.mp4,https://chnyazvybzzryduhgopa.supabase.co/storage/v1/object/public/site-media/videos/hotels/san-pino-domiki-derevyannye-s-basseynom-3005/video-01-1800k.mp4,media/videos/hotels/san-pino-domiki-derevyannye-s-basseynom-3005/video-01-source.mp4,media/videos/hotels/san-pino-domiki-derevyannye-s-basseynom-3005/video-01-1800k.mp4,19.77,9.15,source url replaced
hotels/sandi-haus-kottedzhnyy-kompleks-s-basseynom-4429/index.html,hotels,sandi-haus-kottedzhnyy-kompleks-s-basseynom-4429,updated,https://chnyazvybzzryduhgopa.supabase.co/storage/v1/object/public/site-media/videos/hotels/sandi-haus-kottedzhnyy-kompleks-s-basseynom-4429/video-01-1800k.mp4,https://chnyazvybzzryduhgopa.supabase.co/storage/v1/object/public/site-media/videos/hotels/sandi-haus-kottedzhnyy-kompleks-s-basseynom-4429/video-01-1800k.mp4,media/videos/hotels/sandi-haus-kottedzhnyy-kompleks-s-basseynom-4429/video-01-source.mp4,media/videos/hotels/sandi-haus-kottedzhnyy-kompleks-s-basseynom-4429/video-01-1800k.mp4,77.07,12.91,source url replaced
hotels/sanrayz-gostevoy-dom-s-zavtrakami-3953/index.html,hotels,sanrayz-gostevoy-dom-s-zavtrakami-3953,updated,https://chnyazvybzzryduhgopa.supabase.co/storage/v1/object/public/site-media/videos/hotels/sanrayz-gostevoy-dom-s-zavtrakami-3953/video-01-1800k.mp4,https://chnyazvybzzryduhgopa.supabase.co/storage/v1/object/public/site-media/videos/hotels/sanrayz-gostevoy-dom-s-zavtrakami-3953/video-01-1800k.mp4,media/videos/hotels/sanrayz-gostevoy-dom-s-zavtrakami-3953/video-01-source.mp4,media/videos/hotels/sanrayz-gostevoy-dom-s-zavtrakami-3953/video-01-1800k.mp4,43.85,4.96,source url replaced
hotels/saya-domiki-3134/index.html,hotels,saya-domiki-3134,updated,https://chnyazvybzzryduhgopa.supabase.co/storage/v1/object/public/site-media/videos/hotels/saya-domiki-3134/video-01-1800k.mp4,https://chnyazvybzzryduhgopa.supabase.co/storage/v1/object/public/site-media/videos/hotels/saya-domiki-3134/video-01-1800k.mp4,media/videos/hotels/saya-domiki-3134/video-01-source.mp4,media/videos/hotels/saya-domiki-3134/video-01-1800k.mp4,14.38,5.6,source url replaced
hotels/sekret-garden-apartamenty-4162/index.html,hotels,sekret-garden-apartamenty-4162,updated,https://chnyazvybzzryduhgopa.supabase.co/storage/v1/object/public/site-media/videos/hotels/sekret-garden-apartamenty-4162/video-01-1800k.mp4,https://chnyazvybzzryduhgopa.supabase.co/storage/v1/object/public/site-media/videos/hotels/sekret-garden-apartamenty-4162/video-01-1800k.mp4,media/videos/hotels/sekret-garden-apartamenty-4162/video-01-source.mp4,media/videos/hotels/sekret-garden-apartamenty-4162/video-01-1800k.mp4,64.98,10.94,source url replaced
hotels/sia-lend-baza-otdyha-3800/index.html,hotels,sia-lend-baza-otdyha-3800,missing-source,https://chnyazvybzzryduhgopa.supabase.co/storage/v1/object/public/site-media/videos/hotels/sia-lend-baza-otdyha-3800/video-01-1800k.mp4,,,,0,0,нет локального исходника
hotels/sirius-otel/index.html,hotels,sirius-otel,updated,https://chnyazvybzzryduhgopa.supabase.co/storage/v1/object/public/site-media/videos/hotels/sirius-otel/video-01-1800k.mp4,https://chnyazvybzzryduhgopa.supabase.co/storage/v1/object/public/site-media/videos/hotels/sirius-otel/video-01-1800k.mp4,media/videos/hotels/sirius-otel/video-01-source.mp4,media/videos/hotels/sirius-otel/video-01-1800k.mp4,20.48,9.14,source url replaced
hotels/sirius-otel-u-sosnovogo-plyazha-otkrytye-basseyna-s-1-iyulya-3390/index.html,hotels,sirius-otel-u-sosnovogo-plyazha-otkrytye-basseyna-s-1-iyulya-3390,updated,https://chnyazvybzzryduhgopa.supabase.co/storage/v1/object/public/site-media/videos/hotels/sirius-otel-u-sosnovogo-plyazha-otkrytye-basseyna-s-1-iyulya-3390/video-01-1800k.mp4,https://chnyazvybzzryduhgopa.supabase.co/storage/v1/object/public/site-media/videos/hotels/sirius-otel-u-sosnovogo-plyazha-otkrytye-basseyna-s-1-iyulya-3390/video-01-1800k.mp4,media/videos/hotels/sirius-otel-u-sosnovogo-plyazha-otkrytye-basseyna-s-1-iyulya-3390/video-01-source.mp4,media/videos/hotels/sirius-otel-u-sosnovogo-plyazha-otkrytye-basseyna-s-1-iyulya-3390/video-01-1800k.mp4,20.48,9.15,source url replaced
hotels/sisayd-domiki-3409/index.html,hotels,sisayd-domiki-3409,updated,https://chnyazvybzzryduhgopa.supabase.co/storage/v1/object/public/site-media/videos/hotels/sisayd-domiki-3409/video-01-1800k.mp4,https://chnyazvybzzryduhgopa.supabase.co/storage/v1/object/public/site-media/videos/hotels/sisayd-domiki-3409/video-01-1800k.mp4,media/videos/hotels/sisayd-domiki-3409/video-01-source.mp4,media/videos/hotels/sisayd-domiki-3409/video-01-1800k.mp4,7.85,3.2,source url replaced
hotels/sizon-gostevoy-dom-3449/index.html,hotels,sizon-gostevoy-dom-3449,updated,https://chnyazvybzzryduhgopa.supabase.co/storage/v1/object/public/site-media/videos/hotels/sizon-gostevoy-dom-3449/video-01-1800k.mp4,https://chnyazvybzzryduhgopa.supabase.co/storage/v1/object/public/site-media/videos/hotels/sizon-gostevoy-dom-3449/video-01-1800k.mp4,media/videos/hotels/sizon-gostevoy-dom-3449/video-01-source.mp4,media/videos/hotels/sizon-gostevoy-dom-3449/video-01-1800k.mp4,15.85,6.45,source url replaced
hotels/soluna-domiki-i-nomera-s-zavtrakami-4041/index.html,hotels,soluna-domiki-i-nomera-s-zavtrakami-4041,updated,https://chnyazvybzzryduhgopa.supabase.co/storage/v1/object/public/site-media/videos/hotels/soluna-domiki-i-nomera-s-zavtrakami-4041/video-01-1800k.mp4,https://chnyazvybzzryduhgopa.supabase.co/storage/v1/object/public/site-media/videos/hotels/soluna-domiki-i-nomera-s-zavtrakami-4041/video-01-1800k.mp4,media/videos/hotels/soluna-domiki-i-nomera-s-zavtrakami-4041/video-01-source.mp4,media/videos/hotels/soluna-domiki-i-nomera-s-zavtrakami-4041/video-01-1800k.mp4,44.93,5.25,source url replaced
hotels/sozvezdie-mini-otel-3933/index.html,hotels,sozvezdie-mini-otel-3933,updated,https://chnyazvybzzryduhgopa.supabase.co/storage/v1/object/public/site-media/videos/hotels/sozvezdie-mini-otel-3933/video-01-1800k.mp4,https://chnyazvybzzryduhgopa.supabase.co/storage/v1/object/public/site-media/videos/hotels/sozvezdie-mini-otel-3933/video-01-1800k.mp4,media/videos/hotels/sozvezdie-mini-otel-3933/video-01-source.mp4,media/videos/hotels/sozvezdie-mini-otel-3933/video-01-1800k.mp4,84.76,7.08,source url replaced
hotels/studio-san-amra-studiya-na-plyazhe-4270/index.html,hotels,studio-san-amra-studiya-na-plyazhe-4270,updated,https://chnyazvybzzryduhgopa.supabase.co/storage/v1/object/public/site-media/videos/hotels/studio-san-amra-studiya-na-plyazhe-4270/video-01-1800k.mp4,https://chnyazvybzzryduhgopa.supabase.co/storage/v1/object/public/site-media/videos/hotels/studio-san-amra-studiya-na-plyazhe-4270/video-01-1800k.mp4,media/videos/hotels/studio-san-amra-studiya-na-plyazhe-4270/video-01-source.mp4,media/videos/hotels/studio-san-amra-studiya-na-plyazhe-4270/video-01-1800k.mp4,55.2,9.12,source url replaced
hotels/svetlyy-dvorik-gostevoy-dom-ekonom-4259/index.html,hotels,svetlyy-dvorik-gostevoy-dom-ekonom-4259,updated,https://chnyazvybzzryduhgopa.supabase.co/storage/v1/object/public/site-media/videos/hotels/svetlyy-dvorik-gostevoy-dom-ekonom-4259/video-01-1800k.mp4,https://chnyazvybzzryduhgopa.supabase.co/storage/v1/object/public/site-media/videos/hotels/svetlyy-dvorik-gostevoy-dom-ekonom-4259/video-01-1800k.mp4,media/videos/hotels/svetlyy-dvorik-gostevoy-dom-ekonom-4259/video-01-source.mp4,media/videos/hotels/svetlyy-dvorik-gostevoy-dom-ekonom-4259/video-01-1800k.mp4,77.64,13.19,source url replaced
hotels/tihaya-obitel-dom-pod-klyuch-4230/index.html,hotels,tihaya-obitel-dom-pod-klyuch-4230,updated,https://chnyazvybzzryduhgopa.supabase.co/storage/v1/object/public/site-media/videos/hotels/tihaya-obitel-dom-pod-klyuch-4230/video-01-1800k.mp4,https://chnyazvybzzryduhgopa.supabase.co/storage/v1/object/public/site-media/videos/hotels/tihaya-obitel-dom-pod-klyuch-4230/video-01-1800k.mp4,media/videos/hotels/tihaya-obitel-dom-pod-klyuch-4230/video-01-source.mp4,media/videos/hotels/tihaya-obitel-dom-pod-klyuch-4230/video-01-1800k.mp4,92.7,15.35,source url replaced
hotels/tis-kottedzhi/index.html,hotels,tis-kottedzhi,updated,https://chnyazvybzzryduhgopa.supabase.co/storage/v1/object/public/site-media/videos/hotels/tis-kottedzhi/video-01-1800k.mp4,https://chnyazvybzzryduhgopa.supabase.co/storage/v1/object/public/site-media/videos/hotels/tis-kottedzhi/video-01-1800k.mp4,media/videos/hotels/tis-kottedzhi/video-01-source.mp4,media/videos/hotels/tis-kottedzhi/video-01-1800k.mp4,24.49,9.77,source url replaced
hotels/tis-kottedzhi-u-zapovednika-3372/index.html,hotels,tis-kottedzhi-u-zapovednika-3372,updated,https://chnyazvybzzryduhgopa.supabase.co/storage/v1/object/public/site-media/videos/hotels/tis-kottedzhi-u-zapovednika-3372/video-01-1800k.mp4,https://chnyazvybzzryduhgopa.supabase.co/storage/v1/object/public/site-media/videos/hotels/tis-kottedzhi-u-zapovednika-3372/video-01-1800k.mp4,media/videos/hotels/tis-kottedzhi-u-zapovednika-3372/video-01-source.mp4,media/videos/hotels/tis-kottedzhi-u-zapovednika-3372/video-01-1800k.mp4,24.49,9.77,source url replaced
hotels/tis-mini-otel/index.html,hotels,tis-mini-otel,updated,https://chnyazvybzzryduhgopa.supabase.co/storage/v1/object/public/site-media/videos/hotels/tis-mini-otel/video-01-1800k.mp4,https://chnyazvybzzryduhgopa.supabase.co/storage/v1/object/public/site-media/videos/hotels/tis-mini-otel/video-01-1800k.mp4,media/videos/hotels/tis-mini-otel/video-01-source.mp4,media/videos/hotels/tis-mini-otel/video-01-1800k.mp4,14.37,6.3,source url replaced
hotels/tis-mini-otel-u-zapovednika-3381/index.html,hotels,tis-mini-otel-u-zapovednika-3381,updated,https://chnyazvybzzryduhgopa.supabase.co/storage/v1/object/public/site-media/videos/hotels/tis-mini-otel-u-zapovednika-3381/video-01-1800k.mp4,https://chnyazvybzzryduhgopa.supabase.co/storage/v1/object/public/site-media/videos/hotels/tis-mini-otel-u-zapovednika-3381/video-01-1800k.mp4,media/videos/hotels/tis-mini-otel-u-zapovednika-3381/video-01-source.mp4,media/videos/hotels/tis-mini-otel-u-zapovednika-3381/video-01-1800k.mp4,14.37,6.31,source url replaced
hotels/tsarskoe-selo-anhua-kottedzhi-3871/index.html,hotels,tsarskoe-selo-anhua-kottedzhi-3871,missing-source,https://chnyazvybzzryduhgopa.supabase.co/storage/v1/object/public/site-media/videos/hotels/tsarskoe-selo-anhua-kottedzhi-3871/video-01-1800k.mp4,,,,0,0,нет локального исходника
hotels/u-morya-domiki-3200/index.html,hotels,u-morya-domiki-3200,updated,https://chnyazvybzzryduhgopa.supabase.co/storage/v1/object/public/site-media/videos/hotels/u-morya-domiki-3200/video-01-1800k.mp4,https://chnyazvybzzryduhgopa.supabase.co/storage/v1/object/public/site-media/videos/hotels/u-morya-domiki-3200/video-01-1800k.mp4,media/videos/hotels/u-morya-domiki-3200/video-01-source.mp4,media/videos/hotels/u-morya-domiki-3200/video-01-1800k.mp4,40.71,13.93,source url replaced
hotels/v-gostyah-u-belochki-domiki-i-nomera-2879/index.html,hotels,v-gostyah-u-belochki-domiki-i-nomera-2879,updated,https://chnyazvybzzryduhgopa.supabase.co/storage/v1/object/public/site-media/videos/hotels/v-gostyah-u-belochki-domiki-i-nomera-2879/video-01-1800k.mp4,https://chnyazvybzzryduhgopa.supabase.co/storage/v1/object/public/site-media/videos/hotels/v-gostyah-u-belochki-domiki-i-nomera-2879/video-01-1800k.mp4,media/videos/hotels/v-gostyah-u-belochki-domiki-i-nomera-2879/video-01-source.mp4,media/videos/hotels/v-gostyah-u-belochki-domiki-i-nomera-2879/video-01-1800k.mp4,38.84,6.69,source url replaced
hotels/v-sinope-domiki/index.html,hotels,v-sinope-domiki,updated,https://chnyazvybzzryduhgopa.supabase.co/storage/v1/object/public/site-media/videos/hotels/v-sinope-domiki/video-01-1800k.mp4,https://chnyazvybzzryduhgopa.supabase.co/storage/v1/object/public/site-media/videos/hotels/v-sinope-domiki/video-01-1800k.mp4,media/videos/hotels/v-sinope-domiki/video-01-source.mp4,media/videos/hotels/v-sinope-domiki/video-01-1800k.mp4,11.16,4.87,source url replaced
hotels/v-sinope-domiki-3438/index.html,hotels,v-sinope-domiki-3438,updated,https://chnyazvybzzryduhgopa.supabase.co/storage/v1/object/public/site-media/videos/hotels/v-sinope-domiki-3438/video-01-1800k.mp4,https://chnyazvybzzryduhgopa.supabase.co/storage/v1/object/public/site-media/videos/hotels/v-sinope-domiki-3438/video-01-1800k.mp4,media/videos/hotels/v-sinope-domiki-3438/video-01-source.mp4,media/videos/hotels/v-sinope-domiki-3438/video-01-1800k.mp4,11.16,4.87,source url replaced
hotels/villa-leona-otel-s-basseynom-pitaniem-i-sobs-2755/index.html,hotels,villa-leona-otel-s-basseynom-pitaniem-i-sobs-2755,updated,https://chnyazvybzzryduhgopa.supabase.co/storage/v1/object/public/site-media/videos/hotels/villa-leona-otel-s-basseynom-pitaniem-i-sobs-2755/video-01-1800k.mp4,https://chnyazvybzzryduhgopa.supabase.co/storage/v1/object/public/site-media/videos/hotels/villa-leona-otel-s-basseynom-pitaniem-i-sobs-2755/video-01-1800k.mp4,media/videos/hotels/villa-leona-otel-s-basseynom-pitaniem-i-sobs-2755/video-01-source.mp4,media/videos/hotels/villa-leona-otel-s-basseynom-pitaniem-i-sobs-2755/video-01-1800k.mp4,45.73,31.08,source url replaced
hotels/villa-leona-otel-s-basseynom-pitaniem-i-sobstvennym-plyazhem-2755/index.html,hotels,villa-leona-otel-s-basseynom-pitaniem-i-sobstvennym-plyazhem-2755,updated,https://chnyazvybzzryduhgopa.supabase.co/storage/v1/object/public/site-media/videos/hotels/villa-leona-otel-s-basseynom-pitaniem-i-sobstvennym-plyazhem-2755/video-01-1800k.mp4,https://chnyazvybzzryduhgopa.supabase.co/storage/v1/object/public/site-media/videos/hotels/villa-leona-otel-s-basseynom-pitaniem-i-sobstvennym-plyazhem-2755/video-01-1800k.mp4,media/videos/hotels/villa-leona-otel-s-basseynom-pitaniem-i-sobstvennym-plyazhem-2755/video-01-source.mp4,media/videos/hotels/villa-leona-otel-s-basseynom-pitaniem-i-sobstvennym-plyazhem-2755/video-01-1800k.mp4,45.73,31.08,source url replaced
hotels/villa-lyubov-vyhod-iz-otelya-srazu-na-plyazh-2716/index.html,hotels,villa-lyubov-vyhod-iz-otelya-srazu-na-plyazh-2716,updated,https://chnyazvybzzryduhgopa.supabase.co/storage/v1/object/public/site-media/videos/hotels/villa-lyubov-vyhod-iz-otelya-srazu-na-plyazh-2716/video-01-1800k.mp4,https://chnyazvybzzryduhgopa.supabase.co/storage/v1/object/public/site-media/videos/hotels/villa-lyubov-vyhod-iz-otelya-srazu-na-plyazh-2716/video-01-1800k.mp4,media/videos/hotels/villa-lyubov-vyhod-iz-otelya-srazu-na-plyazh-2716/video-01-source.mp4,media/videos/hotels/villa-lyubov-vyhod-iz-otelya-srazu-na-plyazh-2716/video-01-1800k.mp4,17.62,7.32,source url replaced
hotels/voshodyaschaya-zvezda-otel-s-basseynom-3428/index.html,hotels,voshodyaschaya-zvezda-otel-s-basseynom-3428,updated,https://chnyazvybzzryduhgopa.supabase.co/storage/v1/object/public/site-media/videos/hotels/voshodyaschaya-zvezda-otel-s-basseynom-3428/video-01-1800k.mp4,https://chnyazvybzzryduhgopa.supabase.co/storage/v1/object/public/site-media/videos/hotels/voshodyaschaya-zvezda-otel-s-basseynom-3428/video-01-1800k.mp4,media/videos/hotels/voshodyaschaya-zvezda-otel-s-basseynom-3428/video-01-source.mp4,media/videos/hotels/voshodyaschaya-zvezda-otel-s-basseynom-3428/video-01-1800k.mp4,15.14,5.88,source url replaced
hotels/zelenyy-dvorik-domiki-i-nomera-2909/index.html,hotels,zelenyy-dvorik-domiki-i-nomera-2909,updated,https://chnyazvybzzryduhgopa.supabase.co/storage/v1/object/public/site-media/videos/hotels/zelenyy-dvorik-domiki-i-nomera-2909/video-01-1800k.mp4,https://chnyazvybzzryduhgopa.supabase.co/storage/v1/object/public/site-media/videos/hotels/zelenyy-dvorik-domiki-i-nomera-2909/video-01-1800k.mp4,media/videos/hotels/zelenyy-dvorik-domiki-i-nomera-2909/video-01-source.mp4,media/videos/hotels/zelenyy-dvorik-domiki-i-nomera-2909/video-01-1800k.mp4,23.29,9.13,source url replaced
hotels/zhasmin-mini-otel-3736/index.html,hotels,zhasmin-mini-otel-3736,updated,https://chnyazvybzzryduhgopa.supabase.co/storage/v1/object/public/site-media/videos/hotels/zhasmin-mini-otel-3736/video-01-1800k.mp4,https://chnyazvybzzryduhgopa.supabase.co/storage/v1/object/public/site-media/videos/hotels/zhasmin-mini-otel-3736/video-01-1800k.mp4,media/videos/hotels/zhasmin-mini-otel-3736/video-01-source.mp4,media/videos/hotels/zhasmin-mini-otel-3736/video-01-1800k.mp4,23.72,9.26,source url replaced
hotels/zhemchuzhina-gostevoy-dom-4113/index.html,hotels,zhemchuzhina-gostevoy-dom-4113,updated,https://chnyazvybzzryduhgopa.supabase.co/storage/v1/object/public/site-media/videos/hotels/zhemchuzhina-gostevoy-dom-4113/video-01-1800k.mp4,https://chnyazvybzzryduhgopa.supabase.co/storage/v1/object/public/site-media/videos/hotels/zhemchuzhina-gostevoy-dom-4113/video-01-1800k.mp4,media/videos/hotels/zhemchuzhina-gostevoy-dom-4113/video-01-source.mp4,media/videos/hotels/zhemchuzhina-gostevoy-dom-4113/video-01-1800k.mp4,72.91,12.11,source url replaced
hotels/zolotaya-veranda-gostevoy-kompleks-3769/index.html,hotels,zolotaya-veranda-gostevoy-kompleks-3769,missing-source,https://chnyazvybzzryduhgopa.supabase.co/storage/v1/object/public/site-media/videos/hotels/zolotaya-veranda-gostevoy-kompleks-3769/video-01-1800k.mp4,,,,0,0,нет локального исходника
kvartira/afina-kvartira-2k-1488/index.html,kvartira,afina-kvartira-2k-1488,updated,https://chnyazvybzzryduhgopa.supabase.co/storage/v1/object/public/site-media/videos/kvartira/afina-kvartira-2k-1488/video-01-1800k.mp4,https://chnyazvybzzryduhgopa.supabase.co/storage/v1/object/public/site-media/videos/kvartira/afina-kvartira-2k-1488/video-01-1800k.mp4,media/videos/kvartira/afina-kvartira-2k-1488/video-01-source.mp4,media/videos/kvartira/afina-kvartira-2k-1488/video-01-1800k.mp4,2.42,1.8,source url replaced
kvartira/akvamarin-dom-pod-klyuch-ldzaa-1313/index.html,kvartira,akvamarin-dom-pod-klyuch-ldzaa-1313,updated,https://chnyazvybzzryduhgopa.supabase.co/storage/v1/object/public/site-media/videos/kvartira/akvamarin-dom-pod-klyuch-ldzaa-1313/video-01-1800k.mp4,https://chnyazvybzzryduhgopa.supabase.co/storage/v1/object/public/site-media/videos/kvartira/akvamarin-dom-pod-klyuch-ldzaa-1313/video-01-1800k.mp4,media/videos/kvartira/akvamarin-dom-pod-klyuch-ldzaa-1313/video-01-source.mp4,media/videos/kvartira/akvamarin-dom-pod-klyuch-ldzaa-1313/video-01-1800k.mp4,1.95,2.13,source url replaced
kvartira/amor-apartamenty-studiya-gagra-1322/index.html,kvartira,amor-apartamenty-studiya-gagra-1322,updated,https://chnyazvybzzryduhgopa.supabase.co/storage/v1/object/public/site-media/videos/kvartira/amor-apartamenty-studiya-gagra-1322/video-01-1800k.mp4,https://chnyazvybzzryduhgopa.supabase.co/storage/v1/object/public/site-media/videos/kvartira/amor-apartamenty-studiya-gagra-1322/video-01-1800k.mp4,media/videos/kvartira/amor-apartamenty-studiya-gagra-1322/video-01-source.mp4,media/videos/kvartira/amor-apartamenty-studiya-gagra-1322/video-01-1800k.mp4,24.45,9.57,source url replaced
kvartira/atmosfernaya-kvartira-2k-1454/index.html,kvartira,atmosfernaya-kvartira-2k-1454,missing-source,https://chnyazvybzzryduhgopa.supabase.co/storage/v1/object/public/site-media/videos/kvartira/atmosfernaya-kvartira-2k-1454/video-01-1800k.mp4,,,,0,0,нет локального исходника
kvartira/biryuza-etazh-pod-klyuch-gagra-1367/index.html,kvartira,biryuza-etazh-pod-klyuch-gagra-1367,updated,https://chnyazvybzzryduhgopa.supabase.co/storage/v1/object/public/site-media/videos/kvartira/biryuza-etazh-pod-klyuch-gagra-1367/video-01-1800k.mp4,https://chnyazvybzzryduhgopa.supabase.co/storage/v1/object/public/site-media/videos/kvartira/biryuza-etazh-pod-klyuch-gagra-1367/video-01-1800k.mp4,media/videos/kvartira/biryuza-etazh-pod-klyuch-gagra-1367/video-01-source.mp4,media/videos/kvartira/biryuza-etazh-pod-klyuch-gagra-1367/video-01-1800k.mp4,10.68,4.63,source url replaced
kvartira/feniks-dom-na-bolshuyu-semyu-ldzaa-1282/index.html,kvartira,feniks-dom-na-bolshuyu-semyu-ldzaa-1282,updated,https://chnyazvybzzryduhgopa.supabase.co/storage/v1/object/public/site-media/videos/kvartira/feniks-dom-na-bolshuyu-semyu-ldzaa-1282/video-01-1800k.mp4,https://chnyazvybzzryduhgopa.supabase.co/storage/v1/object/public/site-media/videos/kvartira/feniks-dom-na-bolshuyu-semyu-ldzaa-1282/video-01-1800k.mp4,media/videos/kvartira/feniks-dom-na-bolshuyu-semyu-ldzaa-1282/video-01-source.mp4,media/videos/kvartira/feniks-dom-na-bolshuyu-semyu-ldzaa-1282/video-01-1800k.mp4,34.79,16.62,source url replaced
kvartira/flora-dom-alahadze-1163/index.html,kvartira,flora-dom-alahadze-1163,updated,https://chnyazvybzzryduhgopa.supabase.co/storage/v1/object/public/site-media/videos/kvartira/flora-dom-alahadze-1163/video-01-1800k.mp4,https://chnyazvybzzryduhgopa.supabase.co/storage/v1/object/public/site-media/videos/kvartira/flora-dom-alahadze-1163/video-01-1800k.mp4,media/videos/kvartira/flora-dom-alahadze-1163/video-01-source.mp4,media/videos/kvartira/flora-dom-alahadze-1163/video-01-1800k.mp4,3.37,2.4,source url replaced
kvartira/greys-kvartira-1564/index.html,kvartira,greys-kvartira-1564,updated,https://chnyazvybzzryduhgopa.supabase.co/storage/v1/object/public/site-media/videos/kvartira/greys-kvartira-1564/video-01-1800k.mp4,https://chnyazvybzzryduhgopa.supabase.co/storage/v1/object/public/site-media/videos/kvartira/greys-kvartira-1564/video-01-1800k.mp4,media/videos/kvartira/greys-kvartira-1564/video-01-source.mp4,media/videos/kvartira/greys-kvartira-1564/video-01-1800k.mp4,43.32,4.8,source url replaced
kvartira/karalina-apartamenty-studiya-pitsunda-1274/index.html,kvartira,karalina-apartamenty-studiya-pitsunda-1274,updated,https://chnyazvybzzryduhgopa.supabase.co/storage/v1/object/public/site-media/videos/kvartira/karalina-apartamenty-studiya-pitsunda-1274/video-01-1800k.mp4,https://chnyazvybzzryduhgopa.supabase.co/storage/v1/object/public/site-media/videos/kvartira/karalina-apartamenty-studiya-pitsunda-1274/video-01-1800k.mp4,media/videos/kvartira/karalina-apartamenty-studiya-pitsunda-1274/video-01-source.mp4,media/videos/kvartira/karalina-apartamenty-studiya-pitsunda-1274/video-01-1800k.mp4,5.71,5.71,source url replaced
kvartira/klassika-kvartira-3k-ldzaa-1303/index.html,kvartira,klassika-kvartira-3k-ldzaa-1303,updated,https://chnyazvybzzryduhgopa.supabase.co/storage/v1/object/public/site-media/videos/kvartira/klassika-kvartira-3k-ldzaa-1303/video-01-1800k.mp4,https://chnyazvybzzryduhgopa.supabase.co/storage/v1/object/public/site-media/videos/kvartira/klassika-kvartira-3k-ldzaa-1303/video-01-1800k.mp4,media/videos/kvartira/klassika-kvartira-3k-ldzaa-1303/video-01-source.mp4,media/videos/kvartira/klassika-kvartira-3k-ldzaa-1303/video-01-1800k.mp4,11.65,4.28,source url replaced
kvartira/kurortnaya-kvartira-2k-bagripsh-gagra-998/index.html,kvartira,kurortnaya-kvartira-2k-bagripsh-gagra-998,updated,https://chnyazvybzzryduhgopa.supabase.co/storage/v1/object/public/site-media/videos/kvartira/kurortnaya-kvartira-2k-bagripsh-gagra-998/video-01-1800k.mp4,https://chnyazvybzzryduhgopa.supabase.co/storage/v1/object/public/site-media/videos/kvartira/kurortnaya-kvartira-2k-bagripsh-gagra-998/video-01-1800k.mp4,media/videos/kvartira/kurortnaya-kvartira-2k-bagripsh-gagra-998/video-01-source.mp4,media/videos/kvartira/kurortnaya-kvartira-2k-bagripsh-gagra-998/video-01-1800k.mp4,12.14,5.75,source url replaced
kvartira/magnoliya-kvartira-3k-gagra-1253/index.html,kvartira,magnoliya-kvartira-3k-gagra-1253,updated,https://chnyazvybzzryduhgopa.supabase.co/storage/v1/object/public/site-media/videos/kvartira/magnoliya-kvartira-3k-gagra-1253/video-01-1800k.mp4,https://chnyazvybzzryduhgopa.supabase.co/storage/v1/object/public/site-media/videos/kvartira/magnoliya-kvartira-3k-gagra-1253/video-01-1800k.mp4,media/videos/kvartira/magnoliya-kvartira-3k-gagra-1253/video-01-source.mp4,media/videos/kvartira/magnoliya-kvartira-3k-gagra-1253/video-01-1800k.mp4,16.06,7.07,source url replaced
kvartira/mandarinovyy-dvorik-dom-pod-klyuch-novyy-afon-1440/index.html,kvartira,mandarinovyy-dvorik-dom-pod-klyuch-novyy-afon-1440,missing-source,https://chnyazvybzzryduhgopa.supabase.co/storage/v1/object/public/site-media/videos/kvartira/mandarinovyy-dvorik-dom-pod-klyuch-novyy-afon-1440/video-01-1800k.mp4,,,,0,0,нет локального исходника
kvartira/mechta-apartamenty-ldzaa-1176/index.html,kvartira,mechta-apartamenty-ldzaa-1176,updated,https://chnyazvybzzryduhgopa.supabase.co/storage/v1/object/public/site-media/videos/kvartira/mechta-apartamenty-ldzaa-1176/video-01-1800k.mp4,https://chnyazvybzzryduhgopa.supabase.co/storage/v1/object/public/site-media/videos/kvartira/mechta-apartamenty-ldzaa-1176/video-01-1800k.mp4,media/videos/kvartira/mechta-apartamenty-ldzaa-1176/video-01-source.mp4,media/videos/kvartira/mechta-apartamenty-ldzaa-1176/video-01-1800k.mp4,15.45,5.77,source url replaced
kvartira/mimoza-3k-kvartira-1499/index.html,kvartira,mimoza-3k-kvartira-1499,updated,https://chnyazvybzzryduhgopa.supabase.co/storage/v1/object/public/site-media/videos/kvartira/mimoza-3k-kvartira-1499/video-01-1800k.mp4,https://chnyazvybzzryduhgopa.supabase.co/storage/v1/object/public/site-media/videos/kvartira/mimoza-3k-kvartira-1499/video-01-1800k.mp4,media/videos/kvartira/mimoza-3k-kvartira-1499/video-01-source.mp4,media/videos/kvartira/mimoza-3k-kvartira-1499/video-01-1800k.mp4,70.57,12.42,source url replaced
kvartira/mira-dom-suhum-1345/index.html,kvartira,mira-dom-suhum-1345,updated,https://chnyazvybzzryduhgopa.supabase.co/storage/v1/object/public/site-media/videos/kvartira/mira-dom-suhum-1345/video-01-1800k.mp4,https://chnyazvybzzryduhgopa.supabase.co/storage/v1/object/public/site-media/videos/kvartira/mira-dom-suhum-1345/video-01-1800k.mp4,media/videos/kvartira/mira-dom-suhum-1345/video-01-source.mp4,media/videos/kvartira/mira-dom-suhum-1345/video-01-1800k.mp4,14.65,6.96,source url replaced
kvartira/miya-dom-ldzaa-1183/index.html,kvartira,miya-dom-ldzaa-1183,updated,https://chnyazvybzzryduhgopa.supabase.co/storage/v1/object/public/site-media/videos/kvartira/miya-dom-ldzaa-1183/video-01-1800k.mp4,https://chnyazvybzzryduhgopa.supabase.co/storage/v1/object/public/site-media/videos/kvartira/miya-dom-ldzaa-1183/video-01-1800k.mp4,media/videos/kvartira/miya-dom-ldzaa-1183/video-01-source.mp4,media/videos/kvartira/miya-dom-ldzaa-1183/video-01-1800k.mp4,25.46,9.69,source url replaced
kvartira/mokko-apartamenty-suhum-1024/index.html,kvartira,mokko-apartamenty-suhum-1024,updated,https://chnyazvybzzryduhgopa.supabase.co/storage/v1/object/public/site-media/videos/kvartira/mokko-apartamenty-suhum-1024/video-01-1800k.mp4,https://chnyazvybzzryduhgopa.supabase.co/storage/v1/object/public/site-media/videos/kvartira/mokko-apartamenty-suhum-1024/video-01-1800k.mp4,media/videos/kvartira/mokko-apartamenty-suhum-1024/video-01-source.mp4,media/videos/kvartira/mokko-apartamenty-suhum-1024/video-01-1800k.mp4,26.45,9.0,source url replaced
kvartira/mon-amur-kvartira-1k-gagra-1062/index.html,kvartira,mon-amur-kvartira-1k-gagra-1062,updated,https://chnyazvybzzryduhgopa.supabase.co/storage/v1/object/public/site-media/videos/kvartira/mon-amur-kvartira-1k-gagra-1062/video-01-1800k.mp4,https://chnyazvybzzryduhgopa.supabase.co/storage/v1/object/public/site-media/videos/kvartira/mon-amur-kvartira-1k-gagra-1062/video-01-1800k.mp4,media/videos/kvartira/mon-amur-kvartira-1k-gagra-1062/video-01-source.mp4,media/videos/kvartira/mon-amur-kvartira-1k-gagra-1062/video-01-1800k.mp4,26.72,12.51,source url replaced
kvartira/na-vremya-v-rayu-zhile-pod-klyuch-1522/index.html,kvartira,na-vremya-v-rayu-zhile-pod-klyuch-1522,updated,https://chnyazvybzzryduhgopa.supabase.co/storage/v1/object/public/site-media/videos/kvartira/na-vremya-v-rayu-zhile-pod-klyuch-1522/video-01-1800k.mp4,https://chnyazvybzzryduhgopa.supabase.co/storage/v1/object/public/site-media/videos/kvartira/na-vremya-v-rayu-zhile-pod-klyuch-1522/video-01-1800k.mp4,media/videos/kvartira/na-vremya-v-rayu-zhile-pod-klyuch-1522/video-01-1800k.mp4,media/videos/kvartira/na-vremya-v-rayu-zhile-pod-klyuch-1522/video-01-1800k.mp4,33.95,33.95,source url replaced
kvartira/na-vysote-kvartira-pitsunda-1053/index.html,kvartira,na-vysote-kvartira-pitsunda-1053,updated,https://chnyazvybzzryduhgopa.supabase.co/storage/v1/object/public/site-media/videos/kvartira/na-vysote-kvartira-pitsunda-1053/video-01-1800k.mp4,https://chnyazvybzzryduhgopa.supabase.co/storage/v1/object/public/site-media/videos/kvartira/na-vysote-kvartira-pitsunda-1053/video-01-1800k.mp4,media/videos/kvartira/na-vysote-kvartira-pitsunda-1053/video-01-source.mp4,media/videos/kvartira/na-vysote-kvartira-pitsunda-1053/video-01-1800k.mp4,35.83,7.71,source url replaced
kvartira/nasta-apartamenty-studiya-ldzaa-1264/index.html,kvartira,nasta-apartamenty-studiya-ldzaa-1264,updated,https://chnyazvybzzryduhgopa.supabase.co/storage/v1/object/public/site-media/videos/kvartira/nasta-apartamenty-studiya-ldzaa-1264/video-01-1800k.mp4,https://chnyazvybzzryduhgopa.supabase.co/storage/v1/object/public/site-media/videos/kvartira/nasta-apartamenty-studiya-ldzaa-1264/video-01-1800k.mp4,media/videos/kvartira/nasta-apartamenty-studiya-ldzaa-1264/video-01-source.mp4,media/videos/kvartira/nasta-apartamenty-studiya-ldzaa-1264/video-01-1800k.mp4,6.63,6.63,source url replaced
kvartira/palma-kvartira-3k-ldzaa-1080/index.html,kvartira,palma-kvartira-3k-ldzaa-1080,updated,https://chnyazvybzzryduhgopa.supabase.co/storage/v1/object/public/site-media/videos/kvartira/palma-kvartira-3k-ldzaa-1080/video-01-1800k.mp4,https://chnyazvybzzryduhgopa.supabase.co/storage/v1/object/public/site-media/videos/kvartira/palma-kvartira-3k-ldzaa-1080/video-01-1800k.mp4,media/videos/kvartira/palma-kvartira-3k-ldzaa-1080/video-01-source.mp4,media/videos/kvartira/palma-kvartira-3k-ldzaa-1080/video-01-1800k.mp4,23.7,9.07,source url replaced
kvartira/peschanyy-bereg-novye-apartamenty-suhum-mokko-1407/index.html,kvartira,peschanyy-bereg-novye-apartamenty-suhum-mokko-1407,updated,https://chnyazvybzzryduhgopa.supabase.co/storage/v1/object/public/site-media/videos/kvartira/peschanyy-bereg-novye-apartamenty-suhum-mokko-1407/video-01-1800k.mp4,https://chnyazvybzzryduhgopa.supabase.co/storage/v1/object/public/site-media/videos/kvartira/peschanyy-bereg-novye-apartamenty-suhum-mokko-1407/video-01-1800k.mp4,media/videos/kvartira/peschanyy-bereg-novye-apartamenty-suhum-mokko-1407/video-01-source.mp4,media/videos/kvartira/peschanyy-bereg-novye-apartamenty-suhum-mokko-1407/video-01-1800k.mp4,6.87,6.92,source url replaced
kvartira/rimma-dve-1k-kvartriry-suhum-1118/index.html,kvartira,rimma-dve-1k-kvartriry-suhum-1118,updated,https://chnyazvybzzryduhgopa.supabase.co/storage/v1/object/public/site-media/videos/kvartira/rimma-dve-1k-kvartriry-suhum-1118/video-01-1800k.mp4,https://chnyazvybzzryduhgopa.supabase.co/storage/v1/object/public/site-media/videos/kvartira/rimma-dve-1k-kvartriry-suhum-1118/video-01-1800k.mp4,media/videos/kvartira/rimma-dve-1k-kvartriry-suhum-1118/video-01-source.mp4,media/videos/kvartira/rimma-dve-1k-kvartriry-suhum-1118/video-01-1800k.mp4,6.88,4.02,source url replaced
kvartira/sanset-kvartira-1k-ldzaa-1101/index.html,kvartira,sanset-kvartira-1k-ldzaa-1101,missing-source,https://chnyazvybzzryduhgopa.supabase.co/storage/v1/object/public/site-media/videos/kvartira/sanset-kvartira-1k-ldzaa-1101/video-01-1800k.mp4,,,,0,0,нет локального исходника
kvartira/sekret-garden-apartamenty-1465/index.html,kvartira,sekret-garden-apartamenty-1465,updated,https://chnyazvybzzryduhgopa.supabase.co/storage/v1/object/public/site-media/videos/kvartira/sekret-garden-apartamenty-1465/video-01-1800k.mp4,https://chnyazvybzzryduhgopa.supabase.co/storage/v1/object/public/site-media/videos/kvartira/sekret-garden-apartamenty-1465/video-01-1800k.mp4,media/videos/kvartira/sekret-garden-apartamenty-1465/video-01-source.mp4,media/videos/kvartira/sekret-garden-apartamenty-1465/video-01-1800k.mp4,64.98,10.94,source url replaced
kvartira/studio-san-amra-studiya-na-plyazhe-1511/index.html,kvartira,studio-san-amra-studiya-na-plyazhe-1511,updated,https://chnyazvybzzryduhgopa.supabase.co/storage/v1/object/public/site-media/videos/kvartira/studio-san-amra-studiya-na-plyazhe-1511/video-01-1800k.mp4,https://chnyazvybzzryduhgopa.supabase.co/storage/v1/object/public/site-media/videos/kvartira/studio-san-amra-studiya-na-plyazhe-1511/video-01-1800k.mp4,media/videos/kvartira/studio-san-amra-studiya-na-plyazhe-1511/video-01-source.mp4,media/videos/kvartira/studio-san-amra-studiya-na-plyazhe-1511/video-01-1800k.mp4,55.2,9.12,source url replaced
kvartira/suhum-dom-1153/index.html,kvartira,suhum-dom-1153,missing-source,https://chnyazvybzzryduhgopa.supabase.co/storage/v1/object/public/site-media/videos/kvartira/suhum-dom-1153/video-01-1800k.mp4,,,,0,0,нет локального исходника
kvartira/tihaya-obitel-dom-pod-klyuch-1477/index.html,kvartira,tihaya-obitel-dom-pod-klyuch-1477,updated,https://chnyazvybzzryduhgopa.supabase.co/storage/v1/object/public/site-media/videos/kvartira/tihaya-obitel-dom-pod-klyuch-1477/video-01-1800k.mp4,https://chnyazvybzzryduhgopa.supabase.co/storage/v1/object/public/site-media/videos/kvartira/tihaya-obitel-dom-pod-klyuch-1477/video-01-1800k.mp4,media/videos/kvartira/tihaya-obitel-dom-pod-klyuch-1477/video-01-source.mp4,media/videos/kvartira/tihaya-obitel-dom-pod-klyuch-1477/video-01-1800k.mp4,92.7,15.33,source url replaced
kvartira/tsentralnyy-dom-suhum-1220/index.html,kvartira,tsentralnyy-dom-suhum-1220,updated,https://chnyazvybzzryduhgopa.supabase.co/storage/v1/object/public/site-media/videos/kvartira/tsentralnyy-dom-suhum-1220/video-01-1800k.mp4,https://chnyazvybzzryduhgopa.supabase.co/storage/v1/object/public/site-media/videos/kvartira/tsentralnyy-dom-suhum-1220/video-01-1800k.mp4,media/videos/kvartira/tsentralnyy-dom-suhum-1220/video-01-source.mp4,media/videos/kvartira/tsentralnyy-dom-suhum-1220/video-01-1800k.mp4,25.26,9.63,source url replaced
kvartira/villa-suhum-959/index.html,kvartira,villa-suhum-959,updated,https://chnyazvybzzryduhgopa.supabase.co/storage/v1/object/public/site-media/videos/kvartira/villa-suhum-959/video-01-1800k.mp4,https://chnyazvybzzryduhgopa.supabase.co/storage/v1/object/public/site-media/videos/kvartira/villa-suhum-959/video-01-1800k.mp4,media/videos/kvartira/villa-suhum-959/video-01-source.mp4,media/videos/kvartira/villa-suhum-959/video-01-1800k.mp4,21.04,5.93,source url replaced
